Symbol,Maturity,Current Price,Trend,Trend Score,Composite Score,Belief Quality,Quantiment (%),Sentiment,Reference Return (%),Risk,Safety,Safety Score,Healthy Score,Reference Rating,Reference State,Strategic Signal,Summary,Reference Prices,Category signal
USDC/USDT,MATURE,1.0,Upward,1,1.1,60,50.01,Neutral,0.0,Low Risk,Safe,99.5,49.4,C+,Watchlist,Double Check,"WATCHLIST: Reference return 0.0%, Safety 99.5/100, Risk: Low Risk","Risk Reference Prices (Current: 1.00) | Lower Warning: 0.95, Lower Danger: 0.9, Upper Warning: 1.05, Upper Danger: 1.1",WATCHLIST
BTC/USDT,MATURE,89850.67,Downward,-1,1.18,60,63.55,Bullish,0.53,Low Risk,Mediate,49.3,42.9,C,Caution,Risk Mitigation,"WATCHLIST: Reference return 0.5%, Safety 49.3/100, Risk: Low Risk","Risk Reference Prices (Current: 89850.67) | Lower Warning: 85358.14, Lower Danger: 80865.6, Upper Warning: 94343.2, Upper Danger: 98835.74",WATCHLIST
ETH/USDT,MATURE,2959.56,Downward,-1,-2.13,20,62.08,Bullish,1.05,Low Risk,Caution,28.0,4.9,D,Underweight,Conservative Allocation,"WATCHLIST: Reference return 1.1%, Safety 28.0/100, Risk: Low Risk","Risk Reference Prices (Current: 2959.56) | Lower Warning: 2811.58, Lower Danger: 2663.6, Upper Warning: 3107.54, Upper Danger: 3255.52",WATCHLIST
SOL/USDT,MATURE,128.96,Downward,-1,-1.04,45,60.25,Neutral,0.81,High Risk,Caution,21.1,14.1,D,Underweight,Conservative Allocation,"WATCHLIST: Reference return 0.8%, Safety 21.1/100, Risk: High Risk","Risk Reference Prices (Current: 128.96) | Lower Warning: 122.51, Lower Danger: 116.06, Upper Warning: 135.41, Upper Danger: 141.86",WATCHLIST
XRP/USDT,MATURE,1.93,Downward,-1,-1.11,45,48.64,Neutral,-0.5,Low Risk,Caution,11.5,8.5,D,Underweight,Conservative Allocation,"WATCHLIST: Reference return -0.5%, Safety 11.5/100, Risk: Low Risk","Risk Reference Prices (Current: 1.93) | Lower Warning: 1.84, Lower Danger: 1.74, Upper Warning: 2.03, Upper Danger: 2.13",WATCHLIST
USD1/USDT,MATURE,1.0,Upward,1,-1.3,55,50.02,Neutral,0.0,Low Risk,Safe,99.3,26.9,D,Underweight,Conservative Allocation,"WATCHLIST: Reference return 0.0%, Safety 99.3/100, Risk: Low Risk","Risk Reference Prices (Current: 1.00) | Lower Warning: 0.95, Lower Danger: 0.9, Upper Warning: 1.05, Upper Danger: 1.1",WATCHLIST
FDUSD/USDT,MATURE,1.0,Upward,1,-1.3,55,50.1,Neutral,0.03,Low Risk,Safe,98.3,26.8,D,Underweight,Conservative Allocation,"WATCHLIST: Reference return 0.0%, Safety 98.3/100, Risk: Low Risk","Risk Reference Prices (Current: 1.00) | Lower Warning: 0.95, Lower Danger: 0.9, Upper Warning: 1.05, Upper Danger: 1.1",WATCHLIST
BNB/USDT,MATURE,888.27,Downward,-1,1.16,60,60.8,Neutral,0.65,Low Risk,Mediate,45.8,41.8,C,Caution,Risk Mitigation,"WATCHLIST: Reference return 0.7%, Safety 45.8/100, Risk: Low Risk","Risk Reference Prices (Current: 888.27) | Lower Warning: 843.86, Lower Danger: 799.44, Upper Warning: 932.68, Upper Danger: 977.1",WATCHLIST
SENT/USDT,COLD,0.03,Unknown,0,0.0,0,50.0,Low Confidence,0.0,Low Risk,Safe,100.0,27.5,D,Underweight,Conservative Allocation,"WATCHLIST: Reference return 0.0%, Safety 100.0/100, Risk: Low Risk","Risk Reference Prices (Current: 0.03) | Lower Warning: 0.03, Lower Danger: 0.03, Upper Warning: 0.03, Upper Danger: 0.03",WATCHLIST
PAXG/USDT,MATURE,4931.83,Upward,1,1.36,85,60.56,Neutral,1.73,Low Risk,Safe,79.0,56.6,B,Attention,Opportunity Confirmation,"WATCHLIST: Reference return 1.7%, Safety 79.0/100, Risk: Low Risk","Risk Reference Prices (Current: 4931.83) | Lower Warning: 4685.24, Lower Danger: 4438.65, Upper Warning: 5178.42, Upper Danger: 5425.01",WATCHLIST
ZEC/USDT,MATURE,365.31,Upward,1,-2.22,20,47.1,Neutral,-4.25,High Risk,Caution,0.0,-5.0,D,Underweight,Conservative Allocation,"WATCHLIST: Reference return -4.2%, Safety 0.0/100, Risk: High Risk","Risk Reference Prices (Current: 365.31) | Lower Warning: 347.04, Lower Danger: 328.78, Upper Warning: 383.58, Upper Danger: 401.84",WATCHLIST
DOGE/USDT,MATURE,0.12,Downward,-1,-2.22,20,47.07,Neutral,-1.6,High Risk,Caution,9.1,-3.2,D,Underweight,Conservative Allocation,"WATCHLIST: Reference return -1.6%, Safety 9.1/100, Risk: High Risk","Risk Reference Prices (Current: 0.12) | Lower Warning: 0.12, Lower Danger: 0.11, Upper Warning: 0.13, Upper Danger: 0.14",WATCHLIST
TRX/USDT,MATURE,0.3,Upward,1,1.12,75,52.74,Neutral,1.49,Low Risk,Mediate,55.5,46.6,C+,Watchlist,Double Check,"WATCHLIST: Reference return 1.5%, Safety 55.5/100, Risk: Low Risk","Risk Reference Prices (Current: 0.30) | Lower Warning: 0.29, Lower Danger: 0.27, Upper Warning: 0.32, Upper Danger: 0.33",WATCHLIST
SUI/USDT,MATURE,1.51,Downward,-1,-2.18,20,53.6,Neutral,-0.13,High Risk,Caution,0.0,-3.9,D,Underweight,Conservative Allocation,"WATCHLIST: Reference return -0.1%, Safety 0.0/100, Risk: High Risk","Risk Reference Prices (Current: 1.51) | Lower Warning: 1.43, Lower Danger: 1.36, Upper Warning: 1.58, Upper Danger: 1.66",WATCHLIST
PEPE/USDT,MATURE,0.0,Upward,1,-1.08,45,53.78,Neutral,0.11,High Risk,Caution,0.0,7.4,D,Underweight,Conservative Allocation,"WATCHLIST: Reference return 0.1%, Safety 0.0/100, Risk: High Risk","Risk Reference Prices (Current: 0.00) | Lower Warning: 0.0, Lower Danger: 0.0, Upper Warning: 0.0, Upper Danger: 0.0",WATCHLIST
FOGO/USDT,COLD,0.04,Unknown,0,0.0,0,50.0,Low Confidence,0.0,Low Risk,Mediate,57.3,19.0,D,Underweight,Conservative Allocation,"WATCHLIST: Reference return 0.0%, Safety 57.3/100, Risk: Low Risk","Risk Reference Prices (Current: 0.04) | Lower Warning: 0.03, Lower Danger: 0.03, Upper Warning: 0.04, Upper Danger: 0.04",WATCHLIST
AXS/USDT,MATURE,2.52,Upward,1,1.3,85,49.46,Neutral,-1.16,High Risk,Caution,0.0,35.9,C,Caution,Risk Mitigation,"WATCHLIST: Reference return -1.2%, Safety 0.0/100, Risk: High Risk","Risk Reference Prices (Current: 2.52) | Lower Warning: 2.39, Lower Danger: 2.26, Upper Warning: 2.64, Upper Danger: 2.77",WATCHLIST
ADA/USDT,MATURE,0.36,Downward,-1,-0.82,35,46.6,Neutral,-1.87,High Risk,Caution,0.0,6.2,D,Underweight,Conservative Allocation,"WATCHLIST: Reference return -1.9%, Safety 0.0/100, Risk: High Risk","Risk Reference Prices (Current: 0.36) | Lower Warning: 0.34, Lower Danger: 0.33, Upper Warning: 0.38, Upper Danger: 0.4",WATCHLIST
DASH/USDT,MATURE,63.48,Downward,-1,3.9,85,50.49,Neutral,-2.43,High Risk,Caution,0.0,43.8,C,Caution,Risk Mitigation,"WATCHLIST: Reference return -2.4%, Safety 0.0/100, Risk: High Risk","Risk Reference Prices (Current: 63.48) | Lower Warning: 60.31, Lower Danger: 57.13, Upper Warning: 66.65, Upper Danger: 69.83",WATCHLIST
LTC/USDT,MATURE,68.3,Downward,-1,-2.61,30,48.8,Neutral,-1.7,Low Risk,Caution,25.6,1.2,D,Underweight,Conservative Allocation,"WATCHLIST: Reference return -1.7%, Safety 25.6/100, Risk: Low Risk","Risk Reference Prices (Current: 68.30) | Lower Warning: 64.88, Lower Danger: 61.47, Upper Warning: 71.72, Upper Danger: 75.13",WATCHLIST
PUMP/USDT,MATURE,0.0,Downward,-1,1.09,60,47.74,Neutral,-2.33,High Risk,Caution,0.0,29.1,D,Underweight,Conservative Allocation,"WATCHLIST: Reference return -2.3%, Safety 0.0/100, Risk: High Risk","Risk Reference Prices (Current: 0.00) | Lower Warning: 0.0, Lower Danger: 0.0, Upper Warning: 0.0, Upper Danger: 0.0",WATCHLIST
LINK/USDT,MATURE,12.29,Downward,-1,-2.18,20,52.54,Neutral,0.16,High Risk,Caution,15.6,-0.7,D,Underweight,Conservative Allocation,"WATCHLIST: Reference return 0.2%, Safety 15.6/100, Risk: High Risk","Risk Reference Prices (Current: 12.29) | Lower Warning: 11.68, Lower Danger: 11.06, Upper Warning: 12.9, Upper Danger: 13.52",WATCHLIST
SAND/USDT,MATURE,0.16,Downward,-1,2.56,60,43.63,Neutral,-0.95,High Risk,Caution,0.0,35.7,C,Caution,Risk Mitigation,"WATCHLIST: Reference return -0.9%, Safety 0.0/100, Risk: High Risk","Risk Reference Prices (Current: 0.16) | Lower Warning: 0.15, Lower Danger: 0.14, Upper Warning: 0.17, Upper Danger: 0.17",WATCHLIST
GUN/USDT,MATURE,0.04,Upward,1,1.35,85,57.89,Neutral,3.23,High Risk,Caution,0.0,42.8,C,Caution,Risk Mitigation,"WATCHLIST: Reference return 3.2%, Safety 0.0/100, Risk: High Risk","Risk Reference Prices (Current: 0.04) | Lower Warning: 0.03, Lower Danger: 0.03, Upper Warning: 0.04, Upper Danger: 0.04",WATCHLIST
币安人生/USDT,COLD,0.17,Unknown,0,0.0,0,50.0,Low Confidence,0.0,Low Risk,Mediate,64.2,20.3,D,Underweight,Conservative Allocation,"WATCHLIST: Reference return 0.0%, Safety 64.2/100, Risk: Low Risk","Risk Reference Prices (Current: 0.17) | Lower Warning: 0.17, Lower Danger: 0.16, Upper Warning: 0.18, Upper Danger: 0.19",WATCHLIST
AVAX/USDT,MATURE,12.18,Downward,-1,-2.19,20,51.3,Neutral,-0.56,High Risk,Caution,0.0,-4.3,D,Underweight,Conservative Allocation,"WATCHLIST: Reference return -0.6%, Safety 0.0/100, Risk: High Risk","Risk Reference Prices (Current: 12.18) | Lower Warning: 11.57, Lower Danger: 10.96, Upper Warning: 12.79, Upper Danger: 13.4",WATCHLIST
TAO/USDT,MATURE,240.5,Downward,-1,-1.08,45,53.1,Neutral,0.03,High Risk,Caution,0.0,7.2,D,Underweight,Conservative Allocation,"WATCHLIST: Reference return 0.0%, Safety 0.0/100, Risk: High Risk","Risk Reference Prices (Current: 240.50) | Lower Warning: 228.48, Lower Danger: 216.45, Upper Warning: 252.52, Upper Danger: 264.55",WATCHLIST
ENA/USDT,MATURE,0.17,Downward,-1,-2.23,20,44.31,Neutral,-1.34,High Risk,Caution,0.0,-5.5,D,Underweight,Conservative Allocation,"WATCHLIST: Reference return -1.3%, Safety 0.0/100, Risk: High Risk","Risk Reference Prices (Current: 0.17) | Lower Warning: 0.17, Lower Danger: 0.16, Upper Warning: 0.18, Upper Danger: 0.19",WATCHLIST
ROSE/USDT,MATURE,0.02,Downward,-1,2.58,60,46.1,Neutral,-3.97,High Risk,Caution,0.0,36.1,C,Caution,Risk Mitigation,"WATCHLIST: Reference return -4.0%, Safety 0.0/100, Risk: High Risk","Risk Reference Prices (Current: 0.02) | Lower Warning: 0.02, Lower Danger: 0.02, Upper Warning: 0.02, Upper Danger: 0.02",WATCHLIST
KITE/USDT,MATURE,0.11,Unknown,0,1.1,35,49.19,Neutral,1.78,Low Risk,Caution,30.4,33.4,D,Underweight,Conservative Allocation,"WATCHLIST: Reference return 1.8%, Safety 30.4/100, Risk: Low Risk","Risk Reference Prices (Current: 0.11) | Lower Warning: 0.1, Lower Danger: 0.1, Upper Warning: 0.12, Upper Danger: 0.12",WATCHLIST
VIRTUAL/USDT,MATURE,0.84,Downward,-1,-1.11,45,47.55,Neutral,-2.86,High Risk,Caution,0.0,6.0,D,Underweight,Conservative Allocation,"WATCHLIST: Reference return -2.9%, Safety 0.0/100, Risk: High Risk","Risk Reference Prices (Current: 0.84) | Lower Warning: 0.8, Lower Danger: 0.76, Upper Warning: 0.88, Upper Danger: 0.92",WATCHLIST
DUSK/USDT,MATURE,0.18,Upward,1,1.33,85,54.7,Neutral,3.02,High Risk,Caution,0.0,41.8,C,Caution,Risk Mitigation,"WATCHLIST: Reference return 3.0%, Safety 0.0/100, Risk: High Risk","Risk Reference Prices (Current: 0.18) | Lower Warning: 0.17, Lower Danger: 0.16, Upper Warning: 0.19, Upper Danger: 0.2",WATCHLIST
SYRUP/USDT,MATURE,0.34,Upward,1,-1.06,45,55.93,Neutral,0.92,High Risk,Caution,11.8,11.6,D,Underweight,Conservative Allocation,"WATCHLIST: Reference return 0.9%, Safety 11.8/100, Risk: High Risk","Risk Reference Prices (Current: 0.34) | Lower Warning: 0.32, Lower Danger: 0.31, Upper Warning: 0.36, Upper Danger: 0.37",WATCHLIST
XUSD/USDT,MATURE,1.0,Upward,1,1.3,70,50.01,Neutral,0.01,Low Risk,Safe,99.6,52.9,C+,Watchlist,Double Check,"WATCHLIST: Reference return 0.0%, Safety 99.6/100, Risk: Low Risk","Risk Reference Prices (Current: 1.00) | Lower Warning: 0.95, Lower Danger: 0.9, Upper Warning: 1.05, Upper Danger: 1.1",WATCHLIST
ZRO/USDT,MATURE,2.0,Upward,1,1.33,85,55.54,Neutral,3.4,Low Risk,Caution,19.0,46.3,C+,Watchlist,Double Check,"WATCHLIST: Reference return 3.4%, Safety 19.0/100, Risk: Low Risk","Risk Reference Prices (Current: 2.00) | Lower Warning: 1.9, Lower Danger: 1.8, Upper Warning: 2.1, Upper Danger: 2.2",WATCHLIST
ASTER/USDT,MATURE,0.61,Downward,-1,-2.28,20,36.86,Bearish,-3.82,High Risk,Caution,0.0,-6.8,D,Underweight,Conservative Allocation,"WATCHLIST: Reference return -3.8%, Safety 0.0/100, Risk: High Risk","Risk Reference Prices (Current: 0.61) | Lower Warning: 0.58, Lower Danger: 0.55, Upper Warning: 0.64, Upper Danger: 0.67",WATCHLIST
RENDER/USDT,MATURE,2.04,Upward,1,1.31,85,50.9,Neutral,-2.47,High Risk,Caution,0.0,36.1,C,Caution,Risk Mitigation,"WATCHLIST: Reference return -2.5%, Safety 0.0/100, Risk: High Risk","Risk Reference Prices (Current: 2.04) | Lower Warning: 1.94, Lower Danger: 1.83, Upper Warning: 2.14, Upper Danger: 2.24",WATCHLIST
NEAR/USDT,MATURE,1.53,Downward,-1,-2.22,20,45.84,Neutral,-1.96,High Risk,Caution,6.6,-3.9,D,Underweight,Conservative Allocation,"WATCHLIST: Reference return -2.0%, Safety 6.6/100, Risk: High Risk","Risk Reference Prices (Current: 1.53) | Lower Warning: 1.45, Lower Danger: 1.37, Upper Warning: 1.6, Upper Danger: 1.68",WATCHLIST
BCH/USDT,MATURE,603.1,Upward,1,-0.76,35,57.03,Neutral,0.71,Low Risk,Mediate,50.1,19.5,D,Underweight,Conservative Allocation,"WATCHLIST: Reference return 0.7%, Safety 50.1/100, Risk: Low Risk","Risk Reference Prices (Current: 603.10) | Lower Warning: 572.95, Lower Danger: 542.79, Upper Warning: 633.26, Upper Danger: 663.41",WATCHLIST
EUR/USDT,MATURE,1.18,Upward,1,1.1,60,50.24,Neutral,0.07,Low Risk,Safe,93.2,48.3,C+,Watchlist,Double Check,"WATCHLIST: Reference return 0.1%, Safety 93.2/100, Risk: Low Risk","Risk Reference Prices (Current: 1.18) | Lower Warning: 1.12, Lower Danger: 1.06, Upper Warning: 1.23, Upper Danger: 1.29",WATCHLIST
PENGU/USDT,MATURE,0.01,Downward,-1,-1.1,45,49.68,Neutral,-0.94,High Risk,Caution,0.0,6.4,D,Underweight,Conservative Allocation,"WATCHLIST: Reference return -0.9%, Safety 0.0/100, Risk: High Risk","Risk Reference Prices (Current: 0.01) | Lower Warning: 0.01, Lower Danger: 0.01, Upper Warning: 0.01, Upper Danger: 0.01",WATCHLIST
HBAR/USDT,MATURE,0.11,Downward,-1,-0.84,35,43.62,Neutral,-1.7,High Risk,Caution,3.3,6.3,D,Underweight,Conservative Allocation,"WATCHLIST: Reference return -1.7%, Safety 3.3/100, Risk: High Risk","Risk Reference Prices (Current: 0.11) | Lower Warning: 0.1, Lower Danger: 0.1, Upper Warning: 0.11, Upper Danger: 0.12",WATCHLIST
ICP/USDT,MATURE,3.63,Downward,-1,1.08,60,46.17,Neutral,-3.18,High Risk,Caution,0.0,28.8,D,Underweight,Conservative Allocation,"WATCHLIST: Reference return -3.2%, Safety 0.0/100, Risk: High Risk","Risk Reference Prices (Current: 3.63) | Lower Warning: 3.45, Lower Danger: 3.27, Upper Warning: 3.81, Upper Danger: 3.99",WATCHLIST
ZEN/USDT,MATURE,9.98,Downward,-1,1.1,60,49.91,Neutral,-1.23,High Risk,Caution,0.0,29.5,D,Underweight,Conservative Allocation,"WATCHLIST: Reference return -1.2%, Safety 0.0/100, Risk: High Risk","Risk Reference Prices (Current: 9.98) | Lower Warning: 9.48, Lower Danger: 8.98, Upper Warning: 10.48, Upper Danger: 10.98",WATCHLIST
BARD/USDT,MATURE,0.8,Upward,1,1.31,70,52.19,Neutral,0.9,High Risk,Caution,3.7,35.6,C,Caution,Risk Mitigation,"WATCHLIST: Reference return 0.9%, Safety 3.7/100, Risk: High Risk","Risk Reference Prices (Current: 0.80) | Lower Warning: 0.76, Lower Danger: 0.72, Upper Warning: 0.84, Upper Danger: 0.88",WATCHLIST
PENDLE/USDT,MATURE,2.15,Downward,-1,-0.82,35,46.17,Neutral,-2.93,High Risk,Caution,0.0,6.2,D,Underweight,Conservative Allocation,"WATCHLIST: Reference return -2.9%, Safety 0.0/100, Risk: High Risk","Risk Reference Prices (Current: 2.15) | Lower Warning: 2.04, Lower Danger: 1.94, Upper Warning: 2.26, Upper Danger: 2.37",WATCHLIST
BIO/USDT,MATURE,0.05,Downward,-1,3.25,75,42.3,Neutral,-1.71,High Risk,Caution,0.0,39.9,C,Caution,Risk Mitigation,"WATCHLIST: Reference return -1.7%, Safety 0.0/100, Risk: High Risk","Risk Reference Prices (Current: 0.05) | Lower Warning: 0.05, Lower Danger: 0.05, Upper Warning: 0.05, Upper Danger: 0.06",WATCHLIST
FRAX/USDT,COLD,1.03,Unknown,0,0.0,0,50.0,Low Confidence,0.0,Low Risk,Safe,82.8,24.1,D,Underweight,Conservative Allocation,"WATCHLIST: Reference return 0.0%, Safety 82.8/100, Risk: Low Risk","Risk Reference Prices (Current: 1.03) | Lower Warning: 0.98, Lower Danger: 0.93, Upper Warning: 1.09, Upper Danger: 1.14",WATCHLIST
CHZ/USDT,MATURE,0.05,Upward,1,1.4,85,65.99,Bullish,5.38,Mediate Risk,Caution,8.8,49.4,C+,Watchlist,Double Check,"WATCHLIST: Reference return 5.4%, Safety 8.8/100, Risk: Mediate Risk","Risk Reference Prices (Current: 0.05) | Lower Warning: 0.05, Lower Danger: 0.05, Upper Warning: 0.05, Upper Danger: 0.06",WATCHLIST
UNI/USDT,MATURE,4.86,Downward,-1,-1.63,10,44.76,Neutral,-2.86,High Risk,Caution,6.8,-3.4,D,Underweight,Conservative Allocation,"WATCHLIST: Reference return -2.9%, Safety 6.8/100, Risk: High Risk","Risk Reference Prices (Current: 4.86) | Lower Warning: 4.62, Lower Danger: 4.38, Upper Warning: 5.11, Upper Danger: 5.35",WATCHLIST
XPL/USDT,MATURE,0.12,Downward,-1,-2.25,20,41.49,Neutral,-7.68,High Risk,Caution,0.0,-6.0,D,Underweight,Conservative Allocation,"WATCHLIST: Reference return -7.7%, Safety 0.0/100, Risk: High Risk","Risk Reference Prices (Current: 0.12) | Lower Warning: 0.12, Lower Danger: 0.11, Upper Warning: 0.13, Upper Danger: 0.14",WATCHLIST
APT/USDT,MATURE,1.56,Downward,-1,-1.64,10,44.15,Neutral,-4.41,High Risk,Caution,0.0,-4.9,D,Underweight,Conservative Allocation,"WATCHLIST: Reference return -4.4%, Safety 0.0/100, Risk: High Risk","Risk Reference Prices (Current: 1.56) | Lower Warning: 1.48, Lower Danger: 1.4, Upper Warning: 1.63, Upper Danger: 1.71",WATCHLIST
WIF/USDT,MATURE,0.34,Downward,-1,-1.1,45,49.67,Neutral,-2.98,High Risk,Caution,0.0,6.4,D,Underweight,Conservative Allocation,"WATCHLIST: Reference return -3.0%, Safety 0.0/100, Risk: High Risk","Risk Reference Prices (Current: 0.34) | Lower Warning: 0.32, Lower Danger: 0.3, Upper Warning: 0.35, Upper Danger: 0.37",WATCHLIST
WLFI/USDT,MATURE,0.17,Upward,1,1.32,85,52.89,Neutral,0.13,High Risk,Caution,9.0,38.5,C,Caution,Risk Mitigation,"WATCHLIST: Reference return 0.1%, Safety 9.0/100, Risk: High Risk","Risk Reference Prices (Current: 0.17) | Lower Warning: 0.17, Lower Danger: 0.16, Upper Warning: 0.18, Upper Danger: 0.19",WATCHLIST
ARB/USDT,MATURE,0.18,Downward,-1,-1.61,10,48.19,Neutral,0.63,High Risk,Caution,0.0,-3.1,D,Underweight,Conservative Allocation,"WATCHLIST: Reference return 0.6%, Safety 0.0/100, Risk: High Risk","Risk Reference Prices (Current: 0.18) | Lower Warning: 0.17, Lower Danger: 0.16, Upper Warning: 0.19, Upper Danger: 0.2",WATCHLIST
MANA/USDT,MATURE,0.16,Downward,-1,3.28,75,45.84,Neutral,-1.18,High Risk,Caution,0.0,40.4,C,Caution,Risk Mitigation,"WATCHLIST: Reference return -1.2%, Safety 0.0/100, Risk: High Risk","Risk Reference Prices (Current: 0.16) | Lower Warning: 0.15, Lower Danger: 0.15, Upper Warning: 0.17, Upper Danger: 0.18",WATCHLIST
POL/USDT,MATURE,0.13,Downward,-1,1.3,70,49.35,Neutral,-2.32,High Risk,Caution,0.0,32.8,D,Underweight,Conservative Allocation,"WATCHLIST: Reference return -2.3%, Safety 0.0/100, Risk: High Risk","Risk Reference Prices (Current: 0.13) | Lower Warning: 0.13, Lower Danger: 0.12, Upper Warning: 0.14, Upper Danger: 0.15",WATCHLIST
BONK/USDT,MATURE,0.0,Downward,-1,-1.1,45,50.01,Neutral,-0.59,High Risk,Caution,0.0,6.5,D,Underweight,Conservative Allocation,"WATCHLIST: Reference return -0.6%, Safety 0.0/100, Risk: High Risk","Risk Reference Prices (Current: 0.00) | Lower Warning: 0.0, Lower Danger: 0.0, Upper Warning: 0.0, Upper Danger: 0.0",WATCHLIST
ZKP/USDT,COLD,0.12,Unknown,0,0.0,0,50.0,Low Confidence,0.0,Low Risk,Mediate,52.2,17.9,D,Underweight,Conservative Allocation,"WATCHLIST: Reference return 0.0%, Safety 52.2/100, Risk: Low Risk","Risk Reference Prices (Current: 0.12) | Lower Warning: 0.11, Lower Danger: 0.1, Upper Warning: 0.12, Upper Danger: 0.13",WATCHLIST
SLP/USDT,MATURE,0.0,Downward,-1,2.59,60,48.13,Neutral,-0.83,High Risk,Caution,0.0,36.4,C,Caution,Risk Mitigation,"WATCHLIST: Reference return -0.8%, Safety 0.0/100, Risk: High Risk","Risk Reference Prices (Current: 0.00) | Lower Warning: 0.0, Lower Danger: 0.0, Upper Warning: 0.0, Upper Danger: 0.0",WATCHLIST
0G/USDT,MATURE,0.81,Downward,-1,-1.15,45,41.53,Neutral,-4.51,High Risk,Caution,0.0,4.8,D,Underweight,Conservative Allocation,"WATCHLIST: Reference return -4.5%, Safety 0.0/100, Risk: High Risk","Risk Reference Prices (Current: 0.81) | Lower Warning: 0.77, Lower Danger: 0.73, Upper Warning: 0.85, Upper Danger: 0.89",WATCHLIST
FET/USDT,MATURE,0.24,Upward,1,-1.11,45,48.42,Neutral,-2.46,High Risk,Caution,0.0,6.2,D,Underweight,Conservative Allocation,"WATCHLIST: Reference return -2.5%, Safety 0.0/100, Risk: High Risk","Risk Reference Prices (Current: 0.24) | Lower Warning: 0.23, Lower Danger: 0.21, Upper Warning: 0.25, Upper Danger: 0.26",WATCHLIST
FIL/USDT,MATURE,1.32,Downward,-1,-1.12,45,46.21,Neutral,-1.32,High Risk,Caution,0.0,5.8,D,Underweight,Conservative Allocation,"WATCHLIST: Reference return -1.3%, Safety 0.0/100, Risk: High Risk","Risk Reference Prices (Current: 1.32) | Lower Warning: 1.25, Lower Danger: 1.19, Upper Warning: 1.39, Upper Danger: 1.45",WATCHLIST
AAVE/USDT,MATURE,158.16,Downward,-1,0.82,50,52.57,Neutral,0.81,High Risk,Caution,7.0,28.4,D,Underweight,Conservative Allocation,"WATCHLIST: Reference return 0.8%, Safety 7.0/100, Risk: High Risk","Risk Reference Prices (Current: 158.16) | Lower Warning: 150.25, Lower Danger: 142.34, Upper Warning: 166.07, Upper Danger: 173.98",WATCHLIST
OP/USDT,MATURE,0.31,Downward,-1,1.1,60,49.26,Neutral,-1.03,High Risk,Caution,0.0,29.4,D,Underweight,Conservative Allocation,"WATCHLIST: Reference return -1.0%, Safety 0.0/100, Risk: High Risk","Risk Reference Prices (Current: 0.31) | Lower Warning: 0.29, Lower Danger: 0.28, Upper Warning: 0.32, Upper Danger: 0.34",WATCHLIST
CAKE/USDT,MATURE,1.95,Downward,-1,0.77,50,45.76,Neutral,-0.33,High Risk,Caution,12.4,26.7,D,Underweight,Conservative Allocation,"WATCHLIST: Reference return -0.3%, Safety 12.4/100, Risk: High Risk","Risk Reference Prices (Current: 1.95) | Lower Warning: 1.85, Lower Danger: 1.75, Upper Warning: 2.04, Upper Danger: 2.14",WATCHLIST
TRUMP/USDT,MATURE,4.89,Downward,-1,-2.23,20,44.77,Neutral,-2.18,High Risk,Caution,14.8,-2.4,D,Underweight,Conservative Allocation,"WATCHLIST: Reference return -2.2%, Safety 14.8/100, Risk: High Risk","Risk Reference Prices (Current: 4.89) | Lower Warning: 4.64, Lower Danger: 4.4, Upper Warning: 5.13, Upper Danger: 5.38",WATCHLIST
SHIB/USDT,MATURE,0.0,Downward,-1,-1.1,45,49.57,Neutral,-1.13,High Risk,Caution,4.3,7.3,D,Underweight,Conservative Allocation,"WATCHLIST: Reference return -1.1%, Safety 4.3/100, Risk: High Risk","Risk Reference Prices (Current: 0.00) | Lower Warning: 0.0, Lower Danger: 0.0, Upper Warning: 0.0, Upper Danger: 0.0",WATCHLIST
MINA/USDT,MATURE,0.09,Downward,-1,3.26,75,42.5,Neutral,-3.09,High Risk,Caution,0.0,39.9,C,Caution,Risk Mitigation,"WATCHLIST: Reference return -3.1%, Safety 0.0/100, Risk: High Risk","Risk Reference Prices (Current: 0.09) | Lower Warning: 0.08, Lower Danger: 0.08, Upper Warning: 0.09, Upper Danger: 0.1",WATCHLIST
GIGGLE/USDT,MATURE,52.38,Unknown,0,-1.67,0,38.85,Bearish,-2.77,High Risk,Caution,0.0,-7.8,D,Underweight,Conservative Allocation,"WATCHLIST: Reference return -2.8%, Safety 0.0/100, Risk: High Risk","Risk Reference Prices (Current: 52.38) | Lower Warning: 49.76, Lower Danger: 47.14, Upper Warning: 55.0, Upper Danger: 57.62",WATCHLIST
SCRT/USDT,MATURE,0.18,Downward,-1,1.27,70,44.61,Neutral,-0.51,High Risk,Caution,0.0,31.9,D,Underweight,Conservative Allocation,"WATCHLIST: Reference return -0.5%, Safety 0.0/100, Risk: High Risk","Risk Reference Prices (Current: 0.18) | Lower Warning: 0.17, Lower Danger: 0.17, Upper Warning: 0.19, Upper Danger: 0.2",WATCHLIST
WLD/USDT,MATURE,0.47,Downward,-1,-2.23,20,45.45,Neutral,-2.28,High Risk,Caution,0.0,-5.3,D,Underweight,Conservative Allocation,"WATCHLIST: Reference return -2.3%, Safety 0.0/100, Risk: High Risk","Risk Reference Prices (Current: 0.47) | Lower Warning: 0.45, Lower Danger: 0.43, Upper Warning: 0.5, Upper Danger: 0.52",WATCHLIST
RONIN/USDT,MATURE,0.16,Downward,-1,3.85,85,41.93,Neutral,-4.27,High Risk,Caution,0.0,42.5,C,Caution,Risk Mitigation,"WATCHLIST: Reference return -4.3%, Safety 0.0/100, Risk: High Risk","Risk Reference Prices (Current: 0.16) | Lower Warning: 0.15, Lower Danger: 0.14, Upper Warning: 0.17, Upper Danger: 0.18",WATCHLIST
DOT/USDT,MATURE,1.94,Downward,-1,-1.12,45,46.6,Neutral,-3.19,High Risk,Caution,0.0,5.8,D,Underweight,Conservative Allocation,"WATCHLIST: Reference return -3.2%, Safety 0.0/100, Risk: High Risk","Risk Reference Prices (Current: 1.94) | Lower Warning: 1.84, Lower Danger: 1.75, Upper Warning: 2.04, Upper Danger: 2.13",WATCHLIST
XVG/USDT,MATURE,0.01,Upward,1,3.89,100,48.78,Neutral,-1.13,Mediate Risk,Caution,0.0,46.5,C+,Watchlist,Double Check,"ATTENTION: Reference return -1.1%, Safety 0.0/100, Risk: Mediate Risk","Risk Reference Prices (Current: 0.01) | Lower Warning: 0.01, Lower Danger: 0.01, Upper Warning: 0.01, Upper Danger: 0.01",ATTENTION
MET/USDT,MATURE,0.27,Unknown,0,2.37,40,44.71,Neutral,0.51,High Risk,Caution,0.0,32.1,D,Underweight,Conservative Allocation,"WATCHLIST: Reference return 0.5%, Safety 0.0/100, Risk: High Risk","Risk Reference Prices (Current: 0.27) | Lower Warning: 0.26, Lower Danger: 0.24, Upper Warning: 0.28, Upper Danger: 0.3",WATCHLIST
ENSO/USDT,MATURE,0.65,Downward,-1,-1.14,45,43.55,Neutral,-2.68,High Risk,Caution,0.0,5.2,D,Underweight,Conservative Allocation,"WATCHLIST: Reference return -2.7%, Safety 0.0/100, Risk: High Risk","Risk Reference Prices (Current: 0.65) | Lower Warning: 0.62, Lower Danger: 0.59, Upper Warning: 0.68, Upper Danger: 0.72",WATCHLIST
XLM/USDT,MATURE,0.21,Downward,-1,-0.82,35,46.57,Neutral,-0.47,High Risk,Caution,1.8,6.6,D,Underweight,Conservative Allocation,"WATCHLIST: Reference return -0.5%, Safety 1.8/100, Risk: High Risk","Risk Reference Prices (Current: 0.21) | Lower Warning: 0.2, Lower Danger: 0.19, Upper Warning: 0.22, Upper Danger: 0.23",WATCHLIST
NEIRO/USDT,MATURE,0.0,Downward,-1,-1.1,45,49.72,Neutral,-0.95,High Risk,Caution,0.0,6.4,D,Underweight,Conservative Allocation,"WATCHLIST: Reference return -0.9%, Safety 0.0/100, Risk: High Risk","Risk Reference Prices (Current: 0.00) | Lower Warning: 0.0, Lower Danger: 0.0, Upper Warning: 0.0, Upper Danger: 0.0",WATCHLIST
EIGEN/USDT,MATURE,0.33,Downward,-1,-2.27,20,38.71,Bearish,-3.77,High Risk,Caution,0.0,-6.4,D,Underweight,Conservative Allocation,"WATCHLIST: Reference return -3.8%, Safety 0.0/100, Risk: High Risk","Risk Reference Prices (Current: 0.33) | Lower Warning: 0.32, Lower Danger: 0.3, Upper Warning: 0.35, Upper Danger: 0.37",WATCHLIST
SEI/USDT,MATURE,0.11,Downward,-1,-1.63,10,44.81,Neutral,-0.65,High Risk,Caution,0.0,-4.7,D,Underweight,Conservative Allocation,"WATCHLIST: Reference return -0.7%, Safety 0.0/100, Risk: High Risk","Risk Reference Prices (Current: 0.11) | Lower Warning: 0.1, Lower Danger: 0.1, Upper Warning: 0.11, Upper Danger: 0.12",WATCHLIST
BFUSD/USDT,MATURE,1.0,Upward,1,-1.3,55,50.0,Neutral,0.0,Low Risk,Safe,99.7,27.0,D,Underweight,Conservative Allocation,"WATCHLIST: Reference return 0.0%, Safety 99.7/100, Risk: Low Risk","Risk Reference Prices (Current: 1.00) | Lower Warning: 0.95, Lower Danger: 0.9, Upper Warning: 1.05, Upper Danger: 1.1",WATCHLIST
OG/USDT,MATURE,3.84,Downward,-1,1.2,55,32.6,Bearish,-3.98,High Risk,Caution,0.0,26.6,D,Underweight,Conservative Allocation,"WATCHLIST: Reference return -4.0%, Safety 0.0/100, Risk: High Risk","Risk Reference Prices (Current: 3.84) | Lower Warning: 3.64, Lower Danger: 3.45, Upper Warning: 4.03, Upper Danger: 4.22",WATCHLIST
ETC/USDT,MATURE,11.59,Downward,-1,-2.22,20,47.5,Neutral,-1.03,High Risk,Caution,16.5,-1.7,D,Underweight,Conservative Allocation,"WATCHLIST: Reference return -1.0%, Safety 16.5/100, Risk: High Risk","Risk Reference Prices (Current: 11.59) | Lower Warning: 11.01, Lower Danger: 10.43, Upper Warning: 12.17, Upper Danger: 12.75",WATCHLIST
IO/USDT,MATURE,0.16,Downward,-1,-1.16,45,40.35,Neutral,-4.8,High Risk,Caution,0.0,4.6,D,Underweight,Conservative Allocation,"WATCHLIST: Reference return -4.8%, Safety 0.0/100, Risk: High Risk","Risk Reference Prices (Current: 0.16) | Lower Warning: 0.15, Lower Danger: 0.14, Upper Warning: 0.17, Upper Danger: 0.17",WATCHLIST
TON/USDT,MATURE,1.55,Downward,-1,-2.19,20,52.0,Neutral,0.37,High Risk,Caution,11.9,-1.2,D,Underweight,Conservative Allocation,"WATCHLIST: Reference return 0.4%, Safety 11.9/100, Risk: High Risk","Risk Reference Prices (Current: 1.55) | Lower Warning: 1.47, Lower Danger: 1.39, Upper Warning: 1.62, Upper Danger: 1.7",WATCHLIST
ETHFI/USDT,MATURE,0.6,Downward,-1,-2.22,20,46.69,Neutral,-1.57,High Risk,Caution,0.0,-5.1,D,Underweight,Conservative Allocation,"WATCHLIST: Reference return -1.6%, Safety 0.0/100, Risk: High Risk","Risk Reference Prices (Current: 0.60) | Lower Warning: 0.57, Lower Danger: 0.54, Upper Warning: 0.63, Upper Danger: 0.66",WATCHLIST
USDE/USDT,MATURE,1.0,Upward,1,1.3,85,50.03,Neutral,0.0,Low Risk,Safe,99.5,55.8,B,Attention,Opportunity Confirmation,"WATCHLIST: Reference return 0.0%, Safety 99.5/100, Risk: Low Risk","Risk Reference Prices (Current: 1.00) | Lower Warning: 0.95, Lower Danger: 0.9, Upper Warning: 1.05, Upper Danger: 1.1",WATCHLIST
SXT/USDT,MATURE,0.03,Downward,-1,3.26,75,42.93,Neutral,-3.72,High Risk,Caution,0.0,40.0,C,Caution,Risk Mitigation,"WATCHLIST: Reference return -3.7%, Safety 0.0/100, Risk: High Risk","Risk Reference Prices (Current: 0.03) | Lower Warning: 0.03, Lower Danger: 0.03, Upper Warning: 0.03, Upper Danger: 0.03",WATCHLIST
CRV/USDT,MATURE,0.36,Downward,-1,-1.6,10,49.47,Neutral,0.21,High Risk,Caution,0.0,-3.5,D,Underweight,Conservative Allocation,"WATCHLIST: Reference return 0.2%, Safety 0.0/100, Risk: High Risk","Risk Reference Prices (Current: 0.36) | Lower Warning: 0.34, Lower Danger: 0.32, Upper Warning: 0.38, Upper Danger: 0.39",WATCHLIST
BERA/USDT,MATURE,0.8,Downward,-1,3.84,85,40.78,Neutral,-3.4,High Risk,Caution,0.0,42.3,C,Caution,Risk Mitigation,"WATCHLIST: Reference return -3.4%, Safety 0.0/100, Risk: High Risk","Risk Reference Prices (Current: 0.80) | Lower Warning: 0.76, Lower Danger: 0.72, Upper Warning: 0.84, Upper Danger: 0.88",WATCHLIST
SKY/USDT,MATURE,0.07,Upward,1,2.44,80,57.28,Neutral,3.96,Low Risk,Caution,16.2,51.1,C+,Watchlist,Double Check,"ATTENTION: Reference return 4.0%, Safety 16.2/100, Risk: Low Risk","Risk Reference Prices (Current: 0.07) | Lower Warning: 0.06, Lower Danger: 0.06, Upper Warning: 0.07, Upper Danger: 0.07",ATTENTION
FLOKI/USDT,MATURE,0.0,Downward,-1,-1.1,45,49.56,Neutral,-1.59,High Risk,Caution,0.0,6.4,D,Underweight,Conservative Allocation,"WATCHLIST: Reference return -1.6%, Safety 0.0/100, Risk: High Risk","Risk Reference Prices (Current: 0.00) | Lower Warning: 0.0, Lower Danger: 0.0, Upper Warning: 0.0, Upper Danger: 0.0",WATCHLIST
GALA/USDT,MATURE,0.01,Downward,-1,-1.12,45,46.62,Neutral,-1.81,High Risk,Caution,0.0,5.8,D,Underweight,Conservative Allocation,"WATCHLIST: Reference return -1.8%, Safety 0.0/100, Risk: High Risk","Risk Reference Prices (Current: 0.01) | Lower Warning: 0.01, Lower Danger: 0.01, Upper Warning: 0.01, Upper Danger: 0.01",WATCHLIST
BIFI/USDT,MATURE,178.9,Upward,1,1.35,85,58.89,Neutral,-3.04,High Risk,Caution,0.0,37.6,C,Caution,Risk Mitigation,"WATCHLIST: Reference return -3.0%, Safety 0.0/100, Risk: High Risk","Risk Reference Prices (Current: 178.90) | Lower Warning: 169.96, Lower Danger: 161.01, Upper Warning: 187.85, Upper Danger: 196.79",WATCHLIST
BANANAS31/USDT,MATURE,0.0,Upward,1,1.31,70,52.42,Neutral,0.91,High Risk,Caution,0.0,34.9,D,Underweight,Conservative Allocation,"WATCHLIST: Reference return 0.9%, Safety 0.0/100, Risk: High Risk","Risk Reference Prices (Current: 0.00) | Lower Warning: 0.0, Lower Danger: 0.0, Upper Warning: 0.0, Upper Danger: 0.0",WATCHLIST
WBTC/USDT,MATURE,89540.08,Downward,-1,1.18,60,63.52,Bullish,0.46,Low Risk,Mediate,49.2,42.7,C,Caution,Risk Mitigation,"WATCHLIST: Reference return 0.5%, Safety 49.2/100, Risk: Low Risk","Risk Reference Prices (Current: 89540.08) | Lower Warning: 85063.08, Lower Danger: 80586.07, Upper Warning: 94017.08, Upper Danger: 98494.09",WATCHLIST
FXS/USDT,MATURE,0.81,Downward,-1,3.84,85,40.08,Neutral,-4.69,High Risk,Caution,0.0,42.2,C,Caution,Risk Mitigation,"WATCHLIST: Reference return -4.7%, Safety 0.0/100, Risk: High Risk","Risk Reference Prices (Current: 0.81) | Lower Warning: 0.77, Lower Danger: 0.73, Upper Warning: 0.85, Upper Danger: 0.89",WATCHLIST
ONDO/USDT,MATURE,0.34,Downward,-1,-2.25,20,41.53,Neutral,-3.87,High Risk,Caution,0.0,-6.0,D,Underweight,Conservative Allocation,"WATCHLIST: Reference return -3.9%, Safety 0.0/100, Risk: High Risk","Risk Reference Prices (Current: 0.34) | Lower Warning: 0.32, Lower Danger: 0.31, Upper Warning: 0.36, Upper Danger: 0.38",WATCHLIST
HEI/USDT,MATURE,0.13,Downward,-1,2.34,65,39.91,Bearish,-1.49,High Risk,Caution,0.0,35.5,C,Caution,Risk Mitigation,"WATCHLIST: Reference return -1.5%, Safety 0.0/100, Risk: High Risk","Risk Reference Prices (Current: 0.13) | Lower Warning: 0.13, Lower Danger: 0.12, Upper Warning: 0.14, Upper Danger: 0.14",WATCHLIST
PROM/USDT,MATURE,2.22,Downward,-1,-1.37,40,38.24,Bearish,-2.39,High Risk,Caution,0.0,1.8,D,Underweight,Conservative Allocation,"WATCHLIST: Reference return -2.4%, Safety 0.0/100, Risk: High Risk","Risk Reference Prices (Current: 2.22) | Lower Warning: 2.11, Lower Danger: 2.0, Upper Warning: 2.34, Upper Danger: 2.45",WATCHLIST
TIA/USDT,MATURE,0.46,Downward,-1,-2.23,20,44.29,Neutral,-1.7,High Risk,Caution,0.0,-5.5,D,Underweight,Conservative Allocation,"WATCHLIST: Reference return -1.7%, Safety 0.0/100, Risk: High Risk","Risk Reference Prices (Current: 0.46) | Lower Warning: 0.44, Lower Danger: 0.42, Upper Warning: 0.49, Upper Danger: 0.51",WATCHLIST
XAI/USDT,MATURE,0.02,Downward,-1,1.07,60,45.22,Neutral,-2.77,High Risk,Caution,0.0,28.6,D,Underweight,Conservative Allocation,"WATCHLIST: Reference return -2.8%, Safety 0.0/100, Risk: High Risk","Risk Reference Prices (Current: 0.02) | Lower Warning: 0.01, Lower Danger: 0.01, Upper Warning: 0.02, Upper Danger: 0.02",WATCHLIST
YGG/USDT,MATURE,0.06,Downward,-1,-0.85,35,42.49,Neutral,-2.26,High Risk,Caution,0.0,5.4,D,Underweight,Conservative Allocation,"WATCHLIST: Reference return -2.3%, Safety 0.0/100, Risk: High Risk","Risk Reference Prices (Current: 0.06) | Lower Warning: 0.06, Lower Danger: 0.06, Upper Warning: 0.07, Upper Danger: 0.07",WATCHLIST
SANTOS/USDT,MATURE,2.49,Upward,1,2.62,75,53.62,Neutral,2.86,High Risk,Caution,0.0,45.0,C+,Watchlist,Double Check,"ATTENTION: Reference return 2.9%, Safety 0.0/100, Risk: High Risk","Risk Reference Prices (Current: 2.49) | Lower Warning: 2.36, Lower Danger: 2.24, Upper Warning: 2.61, Upper Danger: 2.74",ATTENTION
QNT/USDT,MATURE,80.31,Downward,-1,3.28,75,46.47,Neutral,-1.2,Low Risk,Caution,10.5,42.6,C,Caution,Risk Mitigation,"WATCHLIST: Reference return -1.2%, Safety 10.5/100, Risk: Low Risk","Risk Reference Prices (Current: 80.31) | Lower Warning: 76.29, Lower Danger: 72.28, Upper Warning: 84.33, Upper Danger: 88.34",WATCHLIST
BREV/USDT,COLD,0.23,Unknown,0,0.0,0,50.0,Low Confidence,0.0,Low Risk,Mediate,53.8,18.3,D,Underweight,Conservative Allocation,"WATCHLIST: Reference return 0.0%, Safety 53.8/100, Risk: Low Risk","Risk Reference Prices (Current: 0.23) | Lower Warning: 0.22, Lower Danger: 0.21, Upper Warning: 0.25, Upper Danger: 0.26",WATCHLIST
RLUSD/USDT,COLD,1.0,Unknown,0,0.0,0,50.0,Low Confidence,0.0,Low Risk,Safe,100.0,27.5,D,Underweight,Conservative Allocation,"WATCHLIST: Reference return 0.0%, Safety 100.0/100, Risk: Low Risk","Risk Reference Prices (Current: 1.00) | Lower Warning: 0.95, Lower Danger: 0.9, Upper Warning: 1.05, Upper Danger: 1.1",WATCHLIST
STRK/USDT,MATURE,0.08,Downward,-1,-1.69,10,35.28,Bearish,-5.53,High Risk,Caution,0.0,-6.5,D,Underweight,Conservative Allocation,"WATCHLIST: Reference return -5.5%, Safety 0.0/100, Risk: High Risk","Risk Reference Prices (Current: 0.08) | Lower Warning: 0.07, Lower Danger: 0.07, Upper Warning: 0.08, Upper Danger: 0.08",WATCHLIST
BIGTIME/USDT,MATURE,0.02,Downward,-1,1.29,70,47.66,Neutral,0.52,High Risk,Caution,0.0,33.4,D,Underweight,Conservative Allocation,"WATCHLIST: Reference return 0.5%, Safety 0.0/100, Risk: High Risk","Risk Reference Prices (Current: 0.02) | Lower Warning: 0.02, Lower Danger: 0.02, Upper Warning: 0.02, Upper Danger: 0.02",WATCHLIST
BROCCOLI714/USDT,MATURE,0.02,Upward,1,-1.28,55,52.85,Neutral,-2.76,High Risk,Caution,0.0,7.6,D,Underweight,Conservative Allocation,"WATCHLIST: Reference return -2.8%, Safety 0.0/100, Risk: High Risk","Risk Reference Prices (Current: 0.02) | Lower Warning: 0.02, Lower Danger: 0.02, Upper Warning: 0.02, Upper Danger: 0.02",WATCHLIST
MANTA/USDT,MATURE,0.08,Downward,-1,-0.85,35,41.25,Neutral,-3.31,High Risk,Caution,0.0,5.2,D,Underweight,Conservative Allocation,"WATCHLIST: Reference return -3.3%, Safety 0.0/100, Risk: High Risk","Risk Reference Prices (Current: 0.08) | Lower Warning: 0.07, Lower Danger: 0.07, Upper Warning: 0.08, Upper Danger: 0.08",WATCHLIST
SKL/USDT,MATURE,0.01,Downward,-1,0.75,50,41.32,Neutral,-2.65,High Risk,Caution,0.0,23.4,D,Underweight,Conservative Allocation,"WATCHLIST: Reference return -2.6%, Safety 0.0/100, Risk: High Risk","Risk Reference Prices (Current: 0.01) | Lower Warning: 0.01, Lower Danger: 0.01, Upper Warning: 0.01, Upper Danger: 0.01",WATCHLIST
INJ/USDT,MATURE,4.61,Downward,-1,-1.12,45,46.61,Neutral,-1.12,High Risk,Caution,0.0,5.8,D,Underweight,Conservative Allocation,"WATCHLIST: Reference return -1.1%, Safety 0.0/100, Risk: High Risk","Risk Reference Prices (Current: 4.61) | Lower Warning: 4.38, Lower Danger: 4.15, Upper Warning: 4.84, Upper Danger: 5.07",WATCHLIST
ARPA/USDT,MATURE,0.01,Downward,-1,3.28,75,47.05,Neutral,-0.86,High Risk,Caution,0.0,40.6,C,Caution,Risk Mitigation,"WATCHLIST: Reference return -0.9%, Safety 0.0/100, Risk: High Risk","Risk Reference Prices (Current: 0.01) | Lower Warning: 0.01, Lower Danger: 0.01, Upper Warning: 0.02, Upper Danger: 0.02",WATCHLIST
STG/USDT,MATURE,0.17,Upward,1,1.32,85,54.04,Neutral,3.37,Low Risk,Caution,18.3,45.9,C+,Watchlist,Double Check,"WATCHLIST: Reference return 3.4%, Safety 18.3/100, Risk: Low Risk","Risk Reference Prices (Current: 0.17) | Lower Warning: 0.16, Lower Danger: 0.16, Upper Warning: 0.18, Upper Danger: 0.19",WATCHLIST
ZK/USDT,MATURE,0.03,Downward,-1,-1.33,55,44.89,Neutral,-1.64,High Risk,Caution,0.0,6.1,D,Underweight,Conservative Allocation,"WATCHLIST: Reference return -1.6%, Safety 0.0/100, Risk: High Risk","Risk Reference Prices (Current: 0.03) | Lower Warning: 0.03, Lower Danger: 0.03, Upper Warning: 0.03, Upper Danger: 0.03",WATCHLIST
APE/USDT,MATURE,0.19,Downward,-1,-1.65,10,41.48,Neutral,-2.74,High Risk,Caution,0.0,-5.3,D,Underweight,Conservative Allocation,"WATCHLIST: Reference return -2.7%, Safety 0.0/100, Risk: High Risk","Risk Reference Prices (Current: 0.19) | Lower Warning: 0.18, Lower Danger: 0.17, Upper Warning: 0.2, Upper Danger: 0.21",WATCHLIST
ATOM/USDT,MATURE,2.35,Downward,-1,1.1,60,49.57,Neutral,-1.86,High Risk,Caution,0.0,29.4,D,Underweight,Conservative Allocation,"WATCHLIST: Reference return -1.9%, Safety 0.0/100, Risk: High Risk","Risk Reference Prices (Current: 2.35) | Lower Warning: 2.23, Lower Danger: 2.12, Upper Warning: 2.47, Upper Danger: 2.59",WATCHLIST
RESOLV/USDT,MATURE,0.1,Downward,-1,3.86,85,43.73,Neutral,-0.26,High Risk,Caution,0.0,42.7,C,Caution,Risk Mitigation,"WATCHLIST: Reference return -0.3%, Safety 0.0/100, Risk: High Risk","Risk Reference Prices (Current: 0.10) | Lower Warning: 0.1, Lower Danger: 0.09, Upper Warning: 0.11, Upper Danger: 0.11",WATCHLIST
JST/USDT,MATURE,0.04,Upward,1,3.31,90,52.39,Neutral,0.86,Low Risk,Mediate,44.8,54.8,C+,Watchlist,Double Check,"ATTENTION: Reference return 0.9%, Safety 44.8/100, Risk: Low Risk","Risk Reference Prices (Current: 0.04) | Lower Warning: 0.04, Lower Danger: 0.04, Upper Warning: 0.05, Upper Danger: 0.05",ATTENTION
XTZ/USDT,MATURE,0.57,Upward,1,1.12,75,54.14,Neutral,0.56,High Risk,Caution,0.0,34.2,D,Underweight,Conservative Allocation,"WATCHLIST: Reference return 0.6%, Safety 0.0/100, Risk: High Risk","Risk Reference Prices (Current: 0.57) | Lower Warning: 0.55, Lower Danger: 0.52, Upper Warning: 0.6, Upper Danger: 0.63",WATCHLIST
LDO/USDT,MATURE,0.53,Downward,-1,-2.22,20,47.38,Neutral,-0.01,High Risk,Caution,0.0,-5.0,D,Underweight,Conservative Allocation,"WATCHLIST: Reference return -0.0%, Safety 0.0/100, Risk: High Risk","Risk Reference Prices (Current: 0.53) | Lower Warning: 0.5, Lower Danger: 0.47, Upper Warning: 0.55, Upper Danger: 0.58",WATCHLIST
ARKM/USDT,MATURE,0.18,Downward,-1,-2.24,20,43.33,Neutral,-3.38,High Risk,Caution,0.0,-5.7,D,Underweight,Conservative Allocation,"WATCHLIST: Reference return -3.4%, Safety 0.0/100, Risk: High Risk","Risk Reference Prices (Current: 0.18) | Lower Warning: 0.17, Lower Danger: 0.16, Upper Warning: 0.19, Upper Danger: 0.2",WATCHLIST
ACH/USDT,MATURE,0.01,Downward,-1,2.61,60,51.44,Neutral,2.16,High Risk,Caution,0.0,40.6,C,Caution,Risk Mitigation,"WATCHLIST: Reference return 2.2%, Safety 0.0/100, Risk: High Risk","Risk Reference Prices (Current: 0.01) | Lower Warning: 0.01, Lower Danger: 0.01, Upper Warning: 0.01, Upper Danger: 0.01",WATCHLIST
ADX/USDT,MATURE,0.09,Downward,-1,-2.23,20,45.49,Neutral,-1.04,Low Risk,Caution,27.6,0.2,D,Underweight,Conservative Allocation,"WATCHLIST: Reference return -1.0%, Safety 27.6/100, Risk: Low Risk","Risk Reference Prices (Current: 0.09) | Lower Warning: 0.09, Lower Danger: 0.08, Upper Warning: 0.1, Upper Danger: 0.1",WATCHLIST
AR/USDT,MATURE,3.58,Downward,-1,-0.81,35,48.37,Neutral,0.0,High Risk,Caution,0.0,6.6,D,Underweight,Conservative Allocation,"WATCHLIST: Reference return 0.0%, Safety 0.0/100, Risk: High Risk","Risk Reference Prices (Current: 3.58) | Lower Warning: 3.4, Lower Danger: 3.22, Upper Warning: 3.76, Upper Danger: 3.94",WATCHLIST
LINEA/USDT,MATURE,0.01,Downward,-1,-1.18,30,37.39,Bearish,-4.61,High Risk,Caution,0.0,1.0,D,Underweight,Conservative Allocation,"WATCHLIST: Reference return -4.6%, Safety 0.0/100, Risk: High Risk","Risk Reference Prices (Current: 0.01) | Lower Warning: 0.01, Lower Danger: 0.0, Upper Warning: 0.01, Upper Danger: 0.01",WATCHLIST
DOLO/USDT,MATURE,0.05,Downward,-1,1.31,70,52.31,Neutral,-2.31,High Risk,Caution,0.0,33.3,D,Underweight,Conservative Allocation,"WATCHLIST: Reference return -2.3%, Safety 0.0/100, Risk: High Risk","Risk Reference Prices (Current: 0.05) | Lower Warning: 0.05, Lower Danger: 0.05, Upper Warning: 0.06, Upper Danger: 0.06",WATCHLIST
TLM/USDT,MATURE,0.0,Downward,-1,-1.31,55,48.74,Neutral,-2.2,High Risk,Caution,0.0,6.8,D,Underweight,Conservative Allocation,"WATCHLIST: Reference return -2.2%, Safety 0.0/100, Risk: High Risk","Risk Reference Prices (Current: 0.00) | Lower Warning: 0.0, Lower Danger: 0.0, Upper Warning: 0.0, Upper Danger: 0.0",WATCHLIST
IOTA/USDT,MATURE,0.09,Downward,-1,-1.34,55,44.01,Neutral,-3.57,High Risk,Caution,0.0,5.9,D,Underweight,Conservative Allocation,"WATCHLIST: Reference return -3.6%, Safety 0.0/100, Risk: High Risk","Risk Reference Prices (Current: 0.09) | Lower Warning: 0.08, Lower Danger: 0.08, Upper Warning: 0.09, Upper Danger: 0.1",WATCHLIST
FF/USDT,MATURE,0.09,Downward,-1,1.03,60,38.54,Bearish,-3.05,High Risk,Caution,0.0,27.3,D,Underweight,Conservative Allocation,"WATCHLIST: Reference return -3.0%, Safety 0.0/100, Risk: High Risk","Risk Reference Prices (Current: 0.09) | Lower Warning: 0.08, Lower Danger: 0.08, Upper Warning: 0.09, Upper Danger: 0.1",WATCHLIST
STX/USDT,MATURE,0.32,Downward,-1,-1.1,45,50.72,Neutral,-1.68,High Risk,Caution,0.0,6.6,D,Underweight,Conservative Allocation,"WATCHLIST: Reference return -1.7%, Safety 0.0/100, Risk: High Risk","Risk Reference Prices (Current: 0.32) | Lower Warning: 0.3, Lower Danger: 0.29, Upper Warning: 0.33, Upper Danger: 0.35",WATCHLIST
MMT/USDT,MATURE,0.2,Unknown,0,-2.23,10,45.19,Neutral,-2.29,High Risk,Caution,0.0,-7.3,D,Underweight,Conservative Allocation,"WATCHLIST: Reference return -2.3%, Safety 0.0/100, Risk: High Risk","Risk Reference Prices (Current: 0.20) | Lower Warning: 0.19, Lower Danger: 0.18, Upper Warning: 0.21, Upper Danger: 0.22",WATCHLIST
WBETH/USDT,MATURE,3224.7,Downward,-1,0.07,35,62.19,Bullish,1.11,Low Risk,Caution,28.3,24.5,D,Underweight,Conservative Allocation,"WATCHLIST: Reference return 1.1%, Safety 28.3/100, Risk: Low Risk","Risk Reference Prices (Current: 3224.70) | Lower Warning: 3063.46, Lower Danger: 2902.23, Upper Warning: 3385.94, Upper Danger: 3547.17",WATCHLIST
PLUME/USDT,MATURE,0.02,Downward,-1,-1.66,10,39.31,Bearish,-2.83,High Risk,Caution,0.0,-5.7,D,Underweight,Conservative Allocation,"WATCHLIST: Reference return -2.8%, Safety 0.0/100, Risk: High Risk","Risk Reference Prices (Current: 0.02) | Lower Warning: 0.01, Lower Danger: 0.01, Upper Warning: 0.02, Upper Danger: 0.02",WATCHLIST
ORDI/USDT,MATURE,4.06,Upward,1,-1.07,45,55.15,Neutral,0.89,High Risk,Caution,0.0,9.0,D,Underweight,Conservative Allocation,"WATCHLIST: Reference return 0.9%, Safety 0.0/100, Risk: High Risk","Risk Reference Prices (Current: 4.06) | Lower Warning: 3.86, Lower Danger: 3.66, Upper Warning: 4.27, Upper Danger: 4.47",WATCHLIST
W/USDT,MATURE,0.03,Downward,-1,-1.15,30,41.88,Neutral,-3.69,High Risk,Caution,0.0,1.9,D,Underweight,Conservative Allocation,"WATCHLIST: Reference return -3.7%, Safety 0.0/100, Risk: High Risk","Risk Reference Prices (Current: 0.03) | Lower Warning: 0.03, Lower Danger: 0.03, Upper Warning: 0.03, Upper Danger: 0.03",WATCHLIST
ALGO/USDT,MATURE,0.12,Downward,-1,-1.12,45,46.4,Neutral,-1.54,High Risk,Caution,0.0,5.8,D,Underweight,Conservative Allocation,"WATCHLIST: Reference return -1.5%, Safety 0.0/100, Risk: High Risk","Risk Reference Prices (Current: 0.12) | Lower Warning: 0.11, Lower Danger: 0.11, Upper Warning: 0.12, Upper Danger: 0.13",WATCHLIST
HOME/USDT,MATURE,0.03,Upward,1,2.63,75,54.55,Neutral,2.35,High Risk,Caution,0.0,44.4,C,Caution,Risk Mitigation,"ATTENTION: Reference return 2.4%, Safety 0.0/100, Risk: High Risk","Risk Reference Prices (Current: 0.03) | Lower Warning: 0.03, Lower Danger: 0.03, Upper Warning: 0.03, Upper Danger: 0.03",ATTENTION
SUN/USDT,MATURE,0.02,Downward,-1,3.3,75,49.17,Neutral,-0.1,Low Risk,Mediate,41.1,49.2,C+,Watchlist,Double Check,"WATCHLIST: Reference return -0.1%, Safety 41.1/100, Risk: Low Risk","Risk Reference Prices (Current: 0.02) | Lower Warning: 0.02, Lower Danger: 0.02, Upper Warning: 0.02, Upper Danger: 0.02",WATCHLIST
BAT/USDT,MATURE,0.19,Downward,-1,-0.82,35,47.02,Neutral,-0.43,Low Risk,Caution,30.4,12.4,D,Underweight,Conservative Allocation,"WATCHLIST: Reference return -0.4%, Safety 30.4/100, Risk: Low Risk","Risk Reference Prices (Current: 0.19) | Lower Warning: 0.18, Lower Danger: 0.17, Upper Warning: 0.2, Upper Danger: 0.21",WATCHLIST
IMX/USDT,MATURE,0.25,Downward,-1,-0.83,35,44.82,Neutral,-2.85,High Risk,Caution,0.0,5.9,D,Underweight,Conservative Allocation,"WATCHLIST: Reference return -2.9%, Safety 0.0/100, Risk: High Risk","Risk Reference Prices (Current: 0.25) | Lower Warning: 0.24, Lower Danger: 0.22, Upper Warning: 0.26, Upper Danger: 0.28",WATCHLIST
MEME/USDT,MATURE,0.0,Downward,-1,-1.13,45,45.66,Neutral,-2.42,High Risk,Caution,0.0,5.6,D,Underweight,Conservative Allocation,"WATCHLIST: Reference return -2.4%, Safety 0.0/100, Risk: High Risk","Risk Reference Prices (Current: 0.00) | Lower Warning: 0.0, Lower Danger: 0.0, Upper Warning: 0.0, Upper Danger: 0.0",WATCHLIST
WAXP/USDT,MATURE,0.01,Downward,-1,1.08,60,46.39,Neutral,-1.35,High Risk,Caution,0.0,28.8,D,Underweight,Conservative Allocation,"WATCHLIST: Reference return -1.4%, Safety 0.0/100, Risk: High Risk","Risk Reference Prices (Current: 0.01) | Lower Warning: 0.01, Lower Danger: 0.01, Upper Warning: 0.01, Upper Danger: 0.01",WATCHLIST
AT/USDT,WARM,0.16,Unknown,0,-1.1,10,50.0,Low Confidence,-2.2,High Risk,Caution,0.0,-0.5,D,Underweight,Conservative Allocation,"WATCHLIST: Reference return -2.2%, Safety 0.0/100, Risk: High Risk","Risk Reference Prices (Current: 0.16) | Lower Warning: 0.15, Lower Danger: 0.15, Upper Warning: 0.17, Upper Danger: 0.18",WATCHLIST
ME/USDT,MATURE,0.23,Downward,-1,3.84,85,39.17,Bearish,-2.08,High Risk,Caution,0.0,42.0,C,Caution,Risk Mitigation,"WATCHLIST: Reference return -2.1%, Safety 0.0/100, Risk: High Risk","Risk Reference Prices (Current: 0.23) | Lower Warning: 0.22, Lower Danger: 0.21, Upper Warning: 0.25, Upper Danger: 0.26",WATCHLIST
LUNC/USDT,MATURE,0.0,Upward,1,-1.07,45,54.73,Neutral,-0.68,High Risk,Caution,5.0,8.4,D,Underweight,Conservative Allocation,"WATCHLIST: Reference return -0.7%, Safety 5.0/100, Risk: High Risk","Risk Reference Prices (Current: 0.00) | Lower Warning: 0.0, Lower Danger: 0.0, Upper Warning: 0.0, Upper Danger: 0.0",WATCHLIST
FORM/USDT,MATURE,0.32,Downward,-1,-1.6,10,49.18,Neutral,-1.85,High Risk,Caution,0.0,-3.9,D,Underweight,Conservative Allocation,"WATCHLIST: Reference return -1.8%, Safety 0.0/100, Risk: High Risk","Risk Reference Prices (Current: 0.32) | Lower Warning: 0.3, Lower Danger: 0.29, Upper Warning: 0.34, Upper Danger: 0.35",WATCHLIST
S/USDT,MATURE,0.07,Downward,-1,-2.25,20,41.46,Neutral,-4.24,High Risk,Caution,0.0,-6.0,D,Underweight,Conservative Allocation,"WATCHLIST: Reference return -4.2%, Safety 0.0/100, Risk: High Risk","Risk Reference Prices (Current: 0.07) | Lower Warning: 0.07, Lower Danger: 0.07, Upper Warning: 0.08, Upper Danger: 0.08",WATCHLIST
VET/USDT,MATURE,0.01,Downward,-1,-2.23,20,44.6,Neutral,-2.38,High Risk,Caution,0.0,-5.4,D,Underweight,Conservative Allocation,"WATCHLIST: Reference return -2.4%, Safety 0.0/100, Risk: High Risk","Risk Reference Prices (Current: 0.01) | Lower Warning: 0.01, Lower Danger: 0.01, Upper Warning: 0.01, Upper Danger: 0.01",WATCHLIST
KAITO/USDT,MATURE,0.41,Downward,-1,-2.24,20,42.81,Neutral,-2.55,High Risk,Caution,0.0,-5.7,D,Underweight,Conservative Allocation,"WATCHLIST: Reference return -2.5%, Safety 0.0/100, Risk: High Risk","Risk Reference Prices (Current: 0.41) | Lower Warning: 0.39, Lower Danger: 0.37, Upper Warning: 0.43, Upper Danger: 0.45",WATCHLIST
RAY/USDT,MATURE,1.03,Downward,-1,-1.1,45,49.87,Neutral,-0.79,High Risk,Caution,0.0,6.5,D,Underweight,Conservative Allocation,"WATCHLIST: Reference return -0.8%, Safety 0.0/100, Risk: High Risk","Risk Reference Prices (Current: 1.03) | Lower Warning: 0.98, Lower Danger: 0.93, Upper Warning: 1.08, Upper Danger: 1.13",WATCHLIST
2Z/USDT,MATURE,0.13,Downward,-1,3.3,75,49.27,Neutral,1.41,High Risk,Caution,0.0,43.3,C,Caution,Risk Mitigation,"WATCHLIST: Reference return 1.4%, Safety 0.0/100, Risk: High Risk","Risk Reference Prices (Current: 0.13) | Lower Warning: 0.12, Lower Danger: 0.11, Upper Warning: 0.13, Upper Danger: 0.14",WATCHLIST
THETA/USDT,MATURE,0.3,Downward,-1,3.27,75,45.18,Neutral,-1.22,High Risk,Caution,0.0,40.3,C,Caution,Risk Mitigation,"WATCHLIST: Reference return -1.2%, Safety 0.0/100, Risk: High Risk","Risk Reference Prices (Current: 0.30) | Lower Warning: 0.29, Lower Danger: 0.27, Upper Warning: 0.32, Upper Danger: 0.33",WATCHLIST
DYDX/USDT,MATURE,0.17,Downward,-1,-1.14,45,42.98,Neutral,-2.94,High Risk,Caution,0.0,5.1,D,Underweight,Conservative Allocation,"WATCHLIST: Reference return -2.9%, Safety 0.0/100, Risk: High Risk","Risk Reference Prices (Current: 0.17) | Lower Warning: 0.17, Lower Danger: 0.16, Upper Warning: 0.18, Upper Danger: 0.19",WATCHLIST
BUSD/USDT,MATURE,1.0,Upward,1,3.9,100,50.01,Neutral,0.0,Low Risk,Safe,98.3,66.4,B+,Potential,Selective Planning,"ATTENTION: Reference return 0.0%, Safety 98.3/100, Risk: Low Risk","Risk Reference Prices (Current: 1.00) | Lower Warning: 0.95, Lower Danger: 0.9, Upper Warning: 1.05, Upper Danger: 1.1",ATTENTION
CELO/USDT,MATURE,0.12,Downward,-1,0.75,50,41.72,Neutral,-2.35,High Risk,Caution,0.0,23.4,D,Underweight,Conservative Allocation,"WATCHLIST: Reference return -2.4%, Safety 0.0/100, Risk: High Risk","Risk Reference Prices (Current: 0.12) | Lower Warning: 0.11, Lower Danger: 0.1, Upper Warning: 0.12, Upper Danger: 0.13",WATCHLIST
RARE/USDT,MATURE,0.03,Downward,-1,3.88,85,47.4,Neutral,0.0,High Risk,Caution,0.0,43.3,C,Caution,Risk Mitigation,"WATCHLIST: Reference return 0.0%, Safety 0.0/100, Risk: High Risk","Risk Reference Prices (Current: 0.03) | Lower Warning: 0.02, Lower Danger: 0.02, Upper Warning: 0.03, Upper Danger: 0.03",WATCHLIST
RNDR/USDT,MATURE,7.03,Downward,-1,3.21,75,35.49,Bearish,-2.79,High Risk,Caution,0.0,38.8,C,Caution,Risk Mitigation,"WATCHLIST: Reference return -2.8%, Safety 0.0/100, Risk: High Risk","Risk Reference Prices (Current: 7.03) | Lower Warning: 6.68, Lower Danger: 6.33, Upper Warning: 7.38, Upper Danger: 7.73",WATCHLIST
HUMA/USDT,MATURE,0.02,Upward,1,-0.79,35,51.91,Neutral,0.61,High Risk,Caution,0.0,8.3,D,Underweight,Conservative Allocation,"WATCHLIST: Reference return 0.6%, Safety 0.0/100, Risk: High Risk","Risk Reference Prices (Current: 0.02) | Lower Warning: 0.02, Lower Danger: 0.02, Upper Warning: 0.03, Upper Danger: 0.03",WATCHLIST
STO/USDT,MATURE,0.08,Downward,-1,3.84,85,39.46,Bearish,-2.76,High Risk,Caution,0.0,42.1,C,Caution,Risk Mitigation,"WATCHLIST: Reference return -2.8%, Safety 0.0/100, Risk: High Risk","Risk Reference Prices (Current: 0.08) | Lower Warning: 0.08, Lower Danger: 0.07, Upper Warning: 0.09, Upper Danger: 0.09",WATCHLIST
A/USDT,MATURE,0.11,Downward,-1,-1.35,40,41.13,Neutral,-3.86,High Risk,Caution,0.0,2.4,D,Underweight,Conservative Allocation,"WATCHLIST: Reference return -3.9%, Safety 0.0/100, Risk: High Risk","Risk Reference Prices (Current: 0.11) | Lower Warning: 0.1, Lower Danger: 0.1, Upper Warning: 0.11, Upper Danger: 0.12",WATCHLIST
SSV/USDT,MATURE,4.24,Downward,-1,-0.78,35,53.99,Neutral,1.04,High Risk,Caution,0.0,9.4,D,Underweight,Conservative Allocation,"WATCHLIST: Reference return 1.0%, Safety 0.0/100, Risk: High Risk","Risk Reference Prices (Current: 4.24) | Lower Warning: 4.03, Lower Danger: 3.82, Upper Warning: 4.45, Upper Danger: 4.66",WATCHLIST
MORPHO/USDT,MATURE,1.2,Downward,-1,1.07,60,44.45,Neutral,-2.07,Low Risk,Caution,11.9,30.8,D,Underweight,Conservative Allocation,"WATCHLIST: Reference return -2.1%, Safety 11.9/100, Risk: Low Risk","Risk Reference Prices (Current: 1.20) | Lower Warning: 1.14, Lower Danger: 1.08, Upper Warning: 1.26, Upper Danger: 1.32",WATCHLIST
PNUT/USDT,MATURE,0.07,Downward,-1,-1.12,45,47.07,Neutral,-1.36,High Risk,Caution,0.0,5.9,D,Underweight,Conservative Allocation,"WATCHLIST: Reference return -1.4%, Safety 0.0/100, Risk: High Risk","Risk Reference Prices (Current: 0.07) | Lower Warning: 0.07, Lower Danger: 0.07, Upper Warning: 0.08, Upper Danger: 0.08",WATCHLIST
MUBARAK/USDT,MATURE,0.02,Upward,1,1.33,85,55.43,Neutral,-0.65,High Risk,Caution,0.0,36.9,C,Caution,Risk Mitigation,"WATCHLIST: Reference return -0.7%, Safety 0.0/100, Risk: High Risk","Risk Reference Prices (Current: 0.02) | Lower Warning: 0.02, Lower Danger: 0.02, Upper Warning: 0.02, Upper Danger: 0.02",WATCHLIST
COCOS/USDT,MATURE,1.75,Downward,-1,2.41,65,52.05,Neutral,1.49,High Risk,Caution,0.0,40.0,C,Caution,Risk Mitigation,"WATCHLIST: Reference return 1.5%, Safety 0.0/100, Risk: High Risk","Risk Reference Prices (Current: 1.75) | Lower Warning: 1.67, Lower Danger: 1.58, Upper Warning: 1.84, Upper Danger: 1.93",WATCHLIST
PHA/USDT,MATURE,0.04,Downward,-1,2.37,65,45.41,Neutral,0.22,High Risk,Caution,0.0,36.8,C,Caution,Risk Mitigation,"WATCHLIST: Reference return 0.2%, Safety 0.0/100, Risk: High Risk","Risk Reference Prices (Current: 0.04) | Lower Warning: 0.04, Lower Danger: 0.04, Upper Warning: 0.04, Upper Danger: 0.05",WATCHLIST
POLY/USDT,MATURE,0.27,Upward,1,3.9,100,50.61,Neutral,-1.56,High Risk,Caution,0.0,46.8,C+,Watchlist,Double Check,"ATTENTION: Reference return -1.6%, Safety 0.0/100, Risk: High Risk","Risk Reference Prices (Current: 0.27) | Lower Warning: 0.26, Lower Danger: 0.24, Upper Warning: 0.28, Upper Danger: 0.3",ATTENTION
GRT/USDT,MATURE,0.04,Downward,-1,-1.14,45,42.95,Neutral,-1.91,High Risk,Caution,0.0,5.1,D,Underweight,Conservative Allocation,"WATCHLIST: Reference return -1.9%, Safety 0.0/100, Risk: High Risk","Risk Reference Prices (Current: 0.04) | Lower Warning: 0.03, Lower Danger: 0.03, Upper Warning: 0.04, Upper Danger: 0.04",WATCHLIST
JASMY/USDT,MATURE,0.01,Downward,-1,-1.3,55,49.95,Neutral,-3.1,High Risk,Caution,0.0,7.1,D,Underweight,Conservative Allocation,"WATCHLIST: Reference return -3.1%, Safety 0.0/100, Risk: High Risk","Risk Reference Prices (Current: 0.01) | Lower Warning: 0.01, Lower Danger: 0.01, Upper Warning: 0.01, Upper Danger: 0.01",WATCHLIST
ACT/USDT,MATURE,0.02,Upward,1,-1.6,10,50.01,Neutral,-1.64,High Risk,Caution,0.0,-3.8,D,Underweight,Conservative Allocation,"WATCHLIST: Reference return -1.6%, Safety 0.0/100, Risk: High Risk","Risk Reference Prices (Current: 0.02) | Lower Warning: 0.02, Lower Danger: 0.02, Upper Warning: 0.02, Upper Danger: 0.03",WATCHLIST
SAGA/USDT,MATURE,0.05,Downward,-1,-1.66,10,40.08,Neutral,-3.68,High Risk,Caution,0.0,-5.6,D,Underweight,Conservative Allocation,"WATCHLIST: Reference return -3.7%, Safety 0.0/100, Risk: High Risk","Risk Reference Prices (Current: 0.05) | Lower Warning: 0.05, Lower Danger: 0.05, Upper Warning: 0.05, Upper Danger: 0.06",WATCHLIST
ASR/USDT,MATURE,1.74,Upward,1,3.94,100,56.05,Neutral,0.7,High Risk,Caution,0.0,48.8,C+,Watchlist,Double Check,"ATTENTION: Reference return 0.7%, Safety 0.0/100, Risk: High Risk","Risk Reference Prices (Current: 1.74) | Lower Warning: 1.65, Lower Danger: 1.57, Upper Warning: 1.83, Upper Danger: 1.92",ATTENTION
JTO/USDT,MATURE,0.33,Downward,-1,-2.23,20,44.73,Neutral,-3.97,High Risk,Caution,0.0,-5.4,D,Underweight,Conservative Allocation,"WATCHLIST: Reference return -4.0%, Safety 0.0/100, Risk: High Risk","Risk Reference Prices (Current: 0.33) | Lower Warning: 0.31, Lower Danger: 0.3, Upper Warning: 0.35, Upper Danger: 0.36",WATCHLIST
AIXBT/USDT,MATURE,0.03,Downward,-1,-2.25,20,42.3,Neutral,-5.2,High Risk,Caution,0.0,-5.8,D,Underweight,Conservative Allocation,"WATCHLIST: Reference return -5.2%, Safety 0.0/100, Risk: High Risk","Risk Reference Prices (Current: 0.03) | Lower Warning: 0.03, Lower Danger: 0.03, Upper Warning: 0.03, Upper Danger: 0.03",WATCHLIST
RIF/USDT,MATURE,0.04,Downward,-1,2.39,65,48.95,Neutral,0.28,High Risk,Caution,13.6,40.2,C,Caution,Risk Mitigation,"WATCHLIST: Reference return 0.3%, Safety 13.6/100, Risk: High Risk","Risk Reference Prices (Current: 0.04) | Lower Warning: 0.04, Lower Danger: 0.04, Upper Warning: 0.04, Upper Danger: 0.04",WATCHLIST
ZKC/USDT,MATURE,0.1,Downward,-1,-1.15,45,42.08,Neutral,-3.88,High Risk,Caution,0.0,4.9,D,Underweight,Conservative Allocation,"WATCHLIST: Reference return -3.9%, Safety 0.0/100, Risk: High Risk","Risk Reference Prices (Current: 0.10) | Lower Warning: 0.1, Lower Danger: 0.09, Upper Warning: 0.11, Upper Danger: 0.11",WATCHLIST
EDU/USDT,MATURE,0.17,Downward,-1,1.1,60,49.2,Neutral,-0.46,Mediate Risk,Caution,2.7,29.9,D,Underweight,Conservative Allocation,"WATCHLIST: Reference return -0.5%, Safety 2.7/100, Risk: Mediate Risk","Risk Reference Prices (Current: 0.17) | Lower Warning: 0.16, Lower Danger: 0.15, Upper Warning: 0.17, Upper Danger: 0.18",WATCHLIST
BEAMX/USDT,MATURE,0.0,Downward,-1,-0.82,35,46.12,Neutral,-2.4,High Risk,Caution,0.0,6.1,D,Underweight,Conservative Allocation,"WATCHLIST: Reference return -2.4%, Safety 0.0/100, Risk: High Risk","Risk Reference Prices (Current: 0.00) | Lower Warning: 0.0, Lower Danger: 0.0, Upper Warning: 0.0, Upper Danger: 0.0",WATCHLIST
PIXEL/USDT,MATURE,0.01,Downward,-1,1.05,60,42.31,Neutral,-4.55,High Risk,Caution,0.0,28.0,D,Underweight,Conservative Allocation,"WATCHLIST: Reference return -4.5%, Safety 0.0/100, Risk: High Risk","Risk Reference Prices (Current: 0.01) | Lower Warning: 0.01, Lower Danger: 0.01, Upper Warning: 0.01, Upper Danger: 0.01",WATCHLIST
U/USDT,COLD,1.0,Unknown,0,0.0,0,50.0,Low Confidence,0.0,Low Risk,Safe,100.0,27.5,D,Underweight,Conservative Allocation,"WATCHLIST: Reference return 0.0%, Safety 100.0/100, Risk: Low Risk","Risk Reference Prices (Current: 1.00) | Lower Warning: 0.95, Lower Danger: 0.9, Upper Warning: 1.05, Upper Danger: 1.1",WATCHLIST
FTM/USDT,MATURE,0.7,Downward,-1,0.0,35,50.11,Neutral,-1.36,High Risk,Caution,0.0,14.5,D,Underweight,Conservative Allocation,"WATCHLIST: Reference return -1.4%, Safety 0.0/100, Risk: High Risk","Risk Reference Prices (Current: 0.70) | Lower Warning: 0.66, Lower Danger: 0.63, Upper Warning: 0.73, Upper Danger: 0.77",WATCHLIST
CVX/USDT,MATURE,2.07,Upward,1,1.33,85,54.29,Neutral,0.75,High Risk,Caution,0.0,38.0,C,Caution,Risk Mitigation,"WATCHLIST: Reference return 0.8%, Safety 0.0/100, Risk: High Risk","Risk Reference Prices (Current: 2.07) | Lower Warning: 1.96, Lower Danger: 1.86, Upper Warning: 2.17, Upper Danger: 2.27",WATCHLIST
CFX/USDT,MATURE,0.07,Downward,-1,-0.81,35,47.68,Neutral,-0.54,High Risk,Caution,0.0,6.5,D,Underweight,Conservative Allocation,"WATCHLIST: Reference return -0.5%, Safety 0.0/100, Risk: High Risk","Risk Reference Prices (Current: 0.07) | Lower Warning: 0.07, Lower Danger: 0.06, Upper Warning: 0.07, Upper Danger: 0.08",WATCHLIST
EURI/USDT,MATURE,1.17,Upward,1,1.1,60,50.26,Neutral,0.07,Low Risk,Safe,93.3,48.3,C+,Watchlist,Double Check,"WATCHLIST: Reference return 0.1%, Safety 93.3/100, Risk: Low Risk","Risk Reference Prices (Current: 1.17) | Lower Warning: 1.12, Lower Danger: 1.06, Upper Warning: 1.23, Upper Danger: 1.29",WATCHLIST
ILV/USDT,MATURE,5.73,Downward,-1,-0.83,35,44.23,Neutral,-2.44,High Risk,Caution,0.0,5.8,D,Underweight,Conservative Allocation,"WATCHLIST: Reference return -2.4%, Safety 0.0/100, Risk: High Risk","Risk Reference Prices (Current: 5.73) | Lower Warning: 5.44, Lower Danger: 5.16, Upper Warning: 6.02, Upper Danger: 6.3",WATCHLIST
GAL/USDT,MATURE,2.54,Downward,-1,3.84,85,39.41,Bearish,-1.02,High Risk,Caution,0.0,42.1,C,Caution,Risk Mitigation,"WATCHLIST: Reference return -1.0%, Safety 0.0/100, Risk: High Risk","Risk Reference Prices (Current: 2.54) | Lower Warning: 2.41, Lower Danger: 2.29, Upper Warning: 2.67, Upper Danger: 2.8",WATCHLIST
TURTLE/USDT,MATURE,0.05,Unknown,0,-1.65,0,41.37,Neutral,-3.33,High Risk,Caution,0.0,-7.4,D,Underweight,Conservative Allocation,"WATCHLIST: Reference return -3.3%, Safety 0.0/100, Risk: High Risk","Risk Reference Prices (Current: 0.05) | Lower Warning: 0.05, Lower Danger: 0.05, Upper Warning: 0.06, Upper Danger: 0.06",WATCHLIST
KAIA/USDT,MATURE,0.05,Downward,-1,-2.65,30,41.56,Neutral,-3.13,High Risk,Caution,0.0,-5.1,D,Underweight,Conservative Allocation,"WATCHLIST: Reference return -3.1%, Safety 0.0/100, Risk: High Risk","Risk Reference Prices (Current: 0.05) | Lower Warning: 0.05, Lower Danger: 0.05, Upper Warning: 0.05, Upper Danger: 0.06",WATCHLIST
RUNE/USDT,MATURE,0.59,Downward,-1,1.09,60,48.07,Neutral,-0.61,High Risk,Caution,0.0,29.1,D,Underweight,Conservative Allocation,"WATCHLIST: Reference return -0.6%, Safety 0.0/100, Risk: High Risk","Risk Reference Prices (Current: 0.59) | Lower Warning: 0.56, Lower Danger: 0.53, Upper Warning: 0.62, Upper Danger: 0.65",WATCHLIST
LUNA/USDT,MATURE,0.08,Downward,-1,-1.62,10,46.53,Neutral,-3.27,High Risk,Caution,10.1,-2.4,D,Underweight,Conservative Allocation,"WATCHLIST: Reference return -3.3%, Safety 10.1/100, Risk: High Risk","Risk Reference Prices (Current: 0.08) | Lower Warning: 0.08, Lower Danger: 0.07, Upper Warning: 0.08, Upper Danger: 0.09",WATCHLIST
SNX/USDT,MATURE,0.42,Downward,-1,-0.84,35,43.45,Neutral,-3.79,High Risk,Caution,0.0,5.6,D,Underweight,Conservative Allocation,"WATCHLIST: Reference return -3.8%, Safety 0.0/100, Risk: High Risk","Risk Reference Prices (Current: 0.42) | Lower Warning: 0.4, Lower Danger: 0.38, Upper Warning: 0.44, Upper Danger: 0.46",WATCHLIST
DCR/USDT,MATURE,20.37,Downward,-1,3.28,75,46.06,Neutral,-6.79,High Risk,Caution,0.0,40.5,C,Caution,Risk Mitigation,"WATCHLIST: Reference return -6.8%, Safety 0.0/100, Risk: High Risk","Risk Reference Prices (Current: 20.37) | Lower Warning: 19.35, Lower Danger: 18.33, Upper Warning: 21.39, Upper Danger: 22.41",WATCHLIST
BB/USDT,MATURE,0.06,Downward,-1,-0.83,35,45.08,Neutral,-1.29,High Risk,Caution,0.0,5.9,D,Underweight,Conservative Allocation,"WATCHLIST: Reference return -1.3%, Safety 0.0/100, Risk: High Risk","Risk Reference Prices (Current: 0.06) | Lower Warning: 0.05, Lower Danger: 0.05, Upper Warning: 0.06, Upper Danger: 0.06",WATCHLIST
USUAL/USDT,MATURE,0.03,Downward,-1,1.1,60,50.33,Neutral,0.79,High Risk,Caution,0.0,30.9,D,Underweight,Conservative Allocation,"WATCHLIST: Reference return 0.8%, Safety 0.0/100, Risk: High Risk","Risk Reference Prices (Current: 0.03) | Lower Warning: 0.03, Lower Danger: 0.03, Upper Warning: 0.03, Upper Danger: 0.03",WATCHLIST
VOXEL/USDT,MATURE,0.01,Downward,-1,-0.89,20,35.45,Bearish,-5.47,High Risk,Caution,0.0,1.0,D,Underweight,Conservative Allocation,"WATCHLIST: Reference return -5.5%, Safety 0.0/100, Risk: High Risk","Risk Reference Prices (Current: 0.01) | Lower Warning: 0.01, Lower Danger: 0.01, Upper Warning: 0.01, Upper Danger: 0.02",WATCHLIST
BOME/USDT,MATURE,0.0,Downward,-1,-1.12,45,46.58,Neutral,-2.34,High Risk,Caution,0.0,5.8,D,Underweight,Conservative Allocation,"WATCHLIST: Reference return -2.3%, Safety 0.0/100, Risk: High Risk","Risk Reference Prices (Current: 0.00) | Lower Warning: 0.0, Lower Danger: 0.0, Upper Warning: 0.0, Upper Danger: 0.0",WATCHLIST
OM/USDT,MATURE,0.07,Downward,-1,-2.21,20,48.33,Neutral,-0.74,High Risk,Caution,0.0,-4.8,D,Underweight,Conservative Allocation,"WATCHLIST: Reference return -0.7%, Safety 0.0/100, Risk: High Risk","Risk Reference Prices (Current: 0.07) | Lower Warning: 0.06, Lower Danger: 0.06, Upper Warning: 0.07, Upper Danger: 0.07",WATCHLIST
HEMI/USDT,MATURE,0.01,Downward,-1,-2.23,20,45.17,Neutral,-0.67,High Risk,Caution,0.0,-5.3,D,Underweight,Conservative Allocation,"WATCHLIST: Reference return -0.7%, Safety 0.0/100, Risk: High Risk","Risk Reference Prices (Current: 0.01) | Lower Warning: 0.01, Lower Danger: 0.01, Upper Warning: 0.01, Upper Danger: 0.02",WATCHLIST
FIDA/USDT,MATURE,0.03,Downward,-1,-0.86,20,39.96,Bearish,-2.1,High Risk,Caution,0.0,1.9,D,Underweight,Conservative Allocation,"WATCHLIST: Reference return -2.1%, Safety 0.0/100, Risk: High Risk","Risk Reference Prices (Current: 0.03) | Lower Warning: 0.03, Lower Danger: 0.02, Upper Warning: 0.03, Upper Danger: 0.03",WATCHLIST
OMNI/USDT,MATURE,3.88,Upward,1,1.29,85,48.37,Neutral,-3.17,High Risk,Caution,0.0,35.6,C,Caution,Risk Mitigation,"WATCHLIST: Reference return -3.2%, Safety 0.0/100, Risk: High Risk","Risk Reference Prices (Current: 3.88) | Lower Warning: 3.69, Lower Danger: 3.49, Upper Warning: 4.07, Upper Danger: 4.27",WATCHLIST
XVS/USDT,MATURE,5.3,Upward,1,1.14,75,55.94,Neutral,1.8,Low Risk,Caution,5.9,37.9,C,Caution,Risk Mitigation,"WATCHLIST: Reference return 1.8%, Safety 5.9/100, Risk: Low Risk","Risk Reference Prices (Current: 5.30) | Lower Warning: 5.03, Lower Danger: 4.77, Upper Warning: 5.56, Upper Danger: 5.83",WATCHLIST
TOMO/USDT,MATURE,1.38,Upward,1,1.11,60,51.39,Neutral,1.05,Mediate Risk,Caution,0.0,31.5,D,Underweight,Conservative Allocation,"WATCHLIST: Reference return 1.1%, Safety 0.0/100, Risk: Mediate Risk","Risk Reference Prices (Current: 1.38) | Lower Warning: 1.31, Lower Danger: 1.24, Upper Warning: 1.45, Upper Danger: 1.52",WATCHLIST
ALT/USDT,MATURE,0.01,Downward,-1,-0.82,35,46.69,Neutral,-2.14,High Risk,Caution,0.0,6.2,D,Underweight,Conservative Allocation,"WATCHLIST: Reference return -2.1%, Safety 0.0/100, Risk: High Risk","Risk Reference Prices (Current: 0.01) | Lower Warning: 0.01, Lower Danger: 0.01, Upper Warning: 0.01, Upper Danger: 0.01",WATCHLIST
NEO/USDT,MATURE,3.64,Downward,-1,-0.82,35,46.58,Neutral,-1.38,High Risk,Caution,13.7,9.0,D,Underweight,Conservative Allocation,"WATCHLIST: Reference return -1.4%, Safety 13.7/100, Risk: High Risk","Risk Reference Prices (Current: 3.63) | Lower Warning: 3.45, Lower Danger: 3.27, Upper Warning: 3.82, Upper Danger: 4.0",WATCHLIST
ENS/USDT,MATURE,8.93,Downward,-1,-2.22,20,47.36,Neutral,-0.78,High Risk,Caution,0.0,-5.0,D,Underweight,Conservative Allocation,"WATCHLIST: Reference return -0.8%, Safety 0.0/100, Risk: High Risk","Risk Reference Prices (Current: 8.93) | Lower Warning: 8.48, Lower Danger: 8.04, Upper Warning: 9.38, Upper Danger: 9.82",WATCHLIST
AVNT/USDT,MATURE,0.27,Downward,-1,-1.64,10,43.01,Neutral,-6.32,High Risk,Caution,0.0,-5.0,D,Underweight,Conservative Allocation,"WATCHLIST: Reference return -6.3%, Safety 0.0/100, Risk: High Risk","Risk Reference Prices (Current: 0.27) | Lower Warning: 0.25, Lower Danger: 0.24, Upper Warning: 0.28, Upper Danger: 0.29",WATCHLIST
MATIC/USDT,MATURE,0.38,Downward,-1,-2.64,30,42.92,Neutral,-2.62,High Risk,Caution,0.0,-4.9,D,Underweight,Conservative Allocation,"WATCHLIST: Reference return -2.6%, Safety 0.0/100, Risk: High Risk","Risk Reference Prices (Current: 0.38) | Lower Warning: 0.36, Lower Danger: 0.34, Upper Warning: 0.4, Upper Danger: 0.42",WATCHLIST
SHELL/USDT,MATURE,0.05,Downward,-1,3.25,75,41.85,Neutral,-0.89,High Risk,Caution,0.0,39.8,C,Caution,Risk Mitigation,"WATCHLIST: Reference return -0.9%, Safety 0.0/100, Risk: High Risk","Risk Reference Prices (Current: 0.05) | Lower Warning: 0.05, Lower Danger: 0.04, Upper Warning: 0.05, Upper Danger: 0.05",WATCHLIST
PIVX/USDT,MATURE,0.19,Downward,-1,2.55,60,42.47,Neutral,-2.52,High Risk,Caution,0.0,35.5,C,Caution,Risk Mitigation,"WATCHLIST: Reference return -2.5%, Safety 0.0/100, Risk: High Risk","Risk Reference Prices (Current: 0.19) | Lower Warning: 0.18, Lower Danger: 0.17, Upper Warning: 0.2, Upper Danger: 0.21",WATCHLIST
PYTH/USDT,MATURE,0.06,Downward,-1,-2.23,20,44.47,Neutral,-2.05,High Risk,Caution,0.0,-5.4,D,Underweight,Conservative Allocation,"WATCHLIST: Reference return -2.1%, Safety 0.0/100, Risk: High Risk","Risk Reference Prices (Current: 0.06) | Lower Warning: 0.05, Lower Danger: 0.05, Upper Warning: 0.06, Upper Danger: 0.06",WATCHLIST
D/USDT,MATURE,0.01,Downward,-1,1.05,60,41.95,Neutral,-3.04,High Risk,Caution,0.0,27.9,D,Underweight,Conservative Allocation,"WATCHLIST: Reference return -3.0%, Safety 0.0/100, Risk: High Risk","Risk Reference Prices (Current: 0.01) | Lower Warning: 0.01, Lower Danger: 0.01, Upper Warning: 0.01, Upper Danger: 0.01",WATCHLIST
JUP/USDT,MATURE,0.19,Downward,-1,-1.13,45,45.01,Neutral,-1.18,High Risk,Caution,0.0,5.5,D,Underweight,Conservative Allocation,"WATCHLIST: Reference return -1.2%, Safety 0.0/100, Risk: High Risk","Risk Reference Prices (Current: 0.19) | Lower Warning: 0.18, Lower Danger: 0.17, Upper Warning: 0.2, Upper Danger: 0.21",WATCHLIST
ALICE/USDT,MATURE,0.17,Downward,-1,0.75,50,41.17,Neutral,-3.26,High Risk,Caution,0.0,23.3,D,Underweight,Conservative Allocation,"WATCHLIST: Reference return -3.3%, Safety 0.0/100, Risk: High Risk","Risk Reference Prices (Current: 0.17) | Lower Warning: 0.16, Lower Danger: 0.15, Upper Warning: 0.18, Upper Danger: 0.19",WATCHLIST
DATA/USDT,MATURE,0.0,Downward,-1,-1.67,10,38.39,Bearish,-3.71,High Risk,Caution,0.0,-5.9,D,Underweight,Conservative Allocation,"WATCHLIST: Reference return -3.7%, Safety 0.0/100, Risk: High Risk","Risk Reference Prices (Current: 0.00) | Lower Warning: 0.0, Lower Danger: 0.0, Upper Warning: 0.0, Upper Danger: 0.0",WATCHLIST
PROVE/USDT,MATURE,0.35,Downward,-1,-2.23,20,45.75,Neutral,-1.7,High Risk,Caution,0.0,-5.3,D,Underweight,Conservative Allocation,"WATCHLIST: Reference return -1.7%, Safety 0.0/100, Risk: High Risk","Risk Reference Prices (Current: 0.35) | Lower Warning: 0.34, Lower Danger: 0.32, Upper Warning: 0.37, Upper Danger: 0.39",WATCHLIST
TVK/USDT,MATURE,0.05,Upward,1,1.4,85,66.39,Bullish,5.05,High Risk,Caution,0.0,47.2,C+,Watchlist,Double Check,"WATCHLIST: Reference return 5.1%, Safety 0.0/100, Risk: High Risk","Risk Reference Prices (Current: 0.05) | Lower Warning: 0.05, Lower Danger: 0.05, Upper Warning: 0.06, Upper Danger: 0.06",WATCHLIST
TRB/USDT,MATURE,19.99,Downward,-1,-0.78,35,53.09,Neutral,0.4,High Risk,Caution,0.0,8.2,D,Underweight,Conservative Allocation,"WATCHLIST: Reference return 0.4%, Safety 0.0/100, Risk: High Risk","Risk Reference Prices (Current: 19.99) | Lower Warning: 18.99, Lower Danger: 17.99, Upper Warning: 20.99, Upper Danger: 21.99",WATCHLIST
ETH/USDC,MATURE,2946.7,Downward,-1,-2.13,20,62.03,Bullish,1.07,Low Risk,Caution,27.7,4.9,D,Underweight,Conservative Allocation,"WATCHLIST: Reference return 1.1%, Safety 27.7/100, Risk: Low Risk","Risk Reference Prices (Current: 2946.70) | Lower Warning: 2799.36, Lower Danger: 2652.03, Upper Warning: 3094.04, Upper Danger: 3241.37",WATCHLIST
BTC/USDC,MATURE,89589.0,Downward,-1,1.18,60,63.53,Bullish,0.5,Low Risk,Mediate,49.0,42.8,C,Caution,Risk Mitigation,"WATCHLIST: Reference return 0.5%, Safety 49.0/100, Risk: Low Risk","Risk Reference Prices (Current: 89589.00) | Lower Warning: 85109.55, Lower Danger: 80630.1, Upper Warning: 94068.45, Upper Danger: 98547.9",WATCHLIST
FDUSD/USDC,MATURE,1.0,Upward,1,-1.3,55,50.09,Neutral,0.02,Low Risk,Safe,98.0,26.7,D,Underweight,Conservative Allocation,"WATCHLIST: Reference return 0.0%, Safety 98.0/100, Risk: Low Risk","Risk Reference Prices (Current: 1.00) | Lower Warning: 0.95, Lower Danger: 0.9, Upper Warning: 1.05, Upper Danger: 1.1",WATCHLIST
SOL/USDC,MATURE,128.76,Downward,-1,-1.04,45,60.18,Neutral,0.79,High Risk,Caution,20.9,14.0,D,Underweight,Conservative Allocation,"WATCHLIST: Reference return 0.8%, Safety 20.9/100, Risk: High Risk","Risk Reference Prices (Current: 128.76) | Lower Warning: 122.32, Lower Danger: 115.88, Upper Warning: 135.2, Upper Danger: 141.64",WATCHLIST
XRP/USDC,MATURE,1.93,Downward,-1,-1.11,45,48.62,Neutral,-0.47,Low Risk,Caution,11.2,8.5,D,Underweight,Conservative Allocation,"WATCHLIST: Reference return -0.5%, Safety 11.2/100, Risk: Low Risk","Risk Reference Prices (Current: 1.93) | Lower Warning: 1.83, Lower Danger: 1.74, Upper Warning: 2.02, Upper Danger: 2.12",WATCHLIST
USD1/USDC,MATURE,1.0,Unknown,0,-1.1,35,50.01,Neutral,0.0,Low Risk,Safe,99.3,24.4,D,Underweight,Conservative Allocation,"WATCHLIST: Reference return 0.0%, Safety 99.3/100, Risk: Low Risk","Risk Reference Prices (Current: 1.00) | Lower Warning: 0.95, Lower Danger: 0.9, Upper Warning: 1.05, Upper Danger: 1.1",WATCHLIST
BNB/USDC,MATURE,886.57,Downward,-1,1.16,60,60.56,Neutral,0.61,Low Risk,Mediate,45.6,41.7,C,Caution,Risk Mitigation,"WATCHLIST: Reference return 0.6%, Safety 45.6/100, Risk: Low Risk","Risk Reference Prices (Current: 886.57) | Lower Warning: 842.24, Lower Danger: 797.91, Upper Warning: 930.9, Upper Danger: 975.23",WATCHLIST
SUI/USDC,MATURE,1.5,Downward,-1,-2.18,20,53.59,Neutral,-0.14,High Risk,Caution,0.0,-3.9,D,Underweight,Conservative Allocation,"WATCHLIST: Reference return -0.1%, Safety 0.0/100, Risk: High Risk","Risk Reference Prices (Current: 1.50) | Lower Warning: 1.43, Lower Danger: 1.35, Upper Warning: 1.58, Upper Danger: 1.65",WATCHLIST
EUR/USDC,MATURE,1.17,Upward,1,1.1,60,50.22,Neutral,0.08,Low Risk,Safe,93.4,48.4,C+,Watchlist,Double Check,"WATCHLIST: Reference return 0.1%, Safety 93.4/100, Risk: Low Risk","Risk Reference Prices (Current: 1.17) | Lower Warning: 1.12, Lower Danger: 1.06, Upper Warning: 1.23, Upper Danger: 1.29",WATCHLIST
VIRTUAL/USDC,MATURE,0.84,Downward,-1,-1.11,45,47.53,Neutral,-2.93,High Risk,Caution,0.0,6.0,D,Underweight,Conservative Allocation,"WATCHLIST: Reference return -2.9%, Safety 0.0/100, Risk: High Risk","Risk Reference Prices (Current: 0.84) | Lower Warning: 0.79, Lower Danger: 0.75, Upper Warning: 0.88, Upper Danger: 0.92",WATCHLIST
LINK/USDC,MATURE,12.25,Downward,-1,-2.18,20,52.52,Neutral,0.2,High Risk,Caution,15.5,-0.6,D,Underweight,Conservative Allocation,"WATCHLIST: Reference return 0.2%, Safety 15.5/100, Risk: High Risk","Risk Reference Prices (Current: 12.25) | Lower Warning: 11.64, Lower Danger: 11.02, Upper Warning: 12.86, Upper Danger: 13.48",WATCHLIST
TAO/USDC,MATURE,239.3,Downward,-1,-1.08,45,53.09,Neutral,0.03,High Risk,Caution,0.0,7.2,D,Underweight,Conservative Allocation,"WATCHLIST: Reference return 0.0%, Safety 0.0/100, Risk: High Risk","Risk Reference Prices (Current: 239.30) | Lower Warning: 227.34, Lower Danger: 215.37, Upper Warning: 251.26, Upper Danger: 263.23",WATCHLIST
HBAR/USDC,MATURE,0.11,Downward,-1,-1.64,10,43.61,Neutral,-1.67,High Risk,Caution,3.0,-4.4,D,Underweight,Conservative Allocation,"WATCHLIST: Reference return -1.7%, Safety 3.0/100, Risk: High Risk","Risk Reference Prices (Current: 0.11) | Lower Warning: 0.1, Lower Danger: 0.1, Upper Warning: 0.11, Upper Danger: 0.12",WATCHLIST
ADA/USDC,MATURE,0.36,Downward,-1,-0.82,35,46.58,Neutral,-1.84,High Risk,Caution,0.0,6.2,D,Underweight,Conservative Allocation,"WATCHLIST: Reference return -1.8%, Safety 0.0/100, Risk: High Risk","Risk Reference Prices (Current: 0.36) | Lower Warning: 0.34, Lower Danger: 0.32, Upper Warning: 0.38, Upper Danger: 0.4",WATCHLIST
DOGE/USDC,MATURE,0.12,Downward,-1,-2.22,20,47.06,Neutral,-1.59,High Risk,Caution,8.9,-3.2,D,Underweight,Conservative Allocation,"WATCHLIST: Reference return -1.6%, Safety 8.9/100, Risk: High Risk","Risk Reference Prices (Current: 0.12) | Lower Warning: 0.12, Lower Danger: 0.11, Upper Warning: 0.13, Upper Danger: 0.14",WATCHLIST
PEPE/USDC,MATURE,0.0,Upward,1,-1.08,45,53.78,Neutral,-0.11,High Risk,Caution,0.0,7.2,D,Underweight,Conservative Allocation,"WATCHLIST: Reference return -0.1%, Safety 0.0/100, Risk: High Risk","Risk Reference Prices (Current: 0.00) | Lower Warning: 0.0, Lower Danger: 0.0, Upper Warning: 0.0, Upper Danger: 0.0",WATCHLIST
PENGU/USDC,MATURE,0.01,Downward,-1,-1.1,45,49.67,Neutral,-0.89,High Risk,Caution,0.0,6.4,D,Underweight,Conservative Allocation,"WATCHLIST: Reference return -0.9%, Safety 0.0/100, Risk: High Risk","Risk Reference Prices (Current: 0.01) | Lower Warning: 0.01, Lower Danger: 0.01, Upper Warning: 0.01, Upper Danger: 0.01",WATCHLIST
RENDER/USDC,MATURE,2.02,Upward,1,1.31,85,50.88,Neutral,-2.43,High Risk,Caution,0.0,36.1,C,Caution,Risk Mitigation,"WATCHLIST: Reference return -2.4%, Safety 0.0/100, Risk: High Risk","Risk Reference Prices (Current: 2.02) | Lower Warning: 1.92, Lower Danger: 1.82, Upper Warning: 2.12, Upper Danger: 2.22",WATCHLIST
SENT/USDC,COLD,0.03,Unknown,0,0.0,0,50.0,Low Confidence,0.0,Low Risk,Safe,100.0,27.5,D,Underweight,Conservative Allocation,"WATCHLIST: Reference return 0.0%, Safety 100.0/100, Risk: Low Risk","Risk Reference Prices (Current: 0.03) | Lower Warning: 0.03, Lower Danger: 0.03, Upper Warning: 0.03, Upper Danger: 0.03",WATCHLIST
AVAX/USDC,MATURE,12.15,Downward,-1,-2.19,20,51.28,Neutral,-0.56,High Risk,Caution,0.0,-4.3,D,Underweight,Conservative Allocation,"WATCHLIST: Reference return -0.6%, Safety 0.0/100, Risk: High Risk","Risk Reference Prices (Current: 12.15) | Lower Warning: 11.54, Lower Danger: 10.94, Upper Warning: 12.76, Upper Danger: 13.37",WATCHLIST
AXS/USDC,MATURE,2.52,Upward,1,1.3,85,49.46,Neutral,-1.26,High Risk,Caution,0.0,35.9,C,Caution,Risk Mitigation,"WATCHLIST: Reference return -1.3%, Safety 0.0/100, Risk: High Risk","Risk Reference Prices (Current: 2.52) | Lower Warning: 2.39, Lower Danger: 2.26, Upper Warning: 2.64, Upper Danger: 2.77",WATCHLIST
PUMP/USDC,MATURE,0.0,Downward,-1,1.09,60,47.73,Neutral,-2.33,High Risk,Caution,0.0,29.1,D,Underweight,Conservative Allocation,"WATCHLIST: Reference return -2.3%, Safety 0.0/100, Risk: High Risk","Risk Reference Prices (Current: 0.00) | Lower Warning: 0.0, Lower Danger: 0.0, Upper Warning: 0.0, Upper Danger: 0.0",WATCHLIST
ZEC/USDC,MATURE,364.88,Upward,1,-2.23,20,44.81,Neutral,-4.19,High Risk,Caution,0.0,-5.4,D,Underweight,Conservative Allocation,"WATCHLIST: Reference return -4.2%, Safety 0.0/100, Risk: High Risk","Risk Reference Prices (Current: 364.88) | Lower Warning: 346.64, Lower Danger: 328.39, Upper Warning: 383.12, Upper Danger: 401.37",WATCHLIST
GUN/USDC,MATURE,0.04,Upward,1,1.35,85,57.89,Neutral,3.01,High Risk,Caution,0.0,42.4,C,Caution,Risk Mitigation,"WATCHLIST: Reference return 3.0%, Safety 0.0/100, Risk: High Risk","Risk Reference Prices (Current: 0.04) | Lower Warning: 0.03, Lower Danger: 0.03, Upper Warning: 0.04, Upper Danger: 0.04",WATCHLIST
FOGO/USDC,COLD,0.04,Unknown,0,0.0,0,50.0,Low Confidence,0.0,Low Risk,Mediate,57.3,19.0,D,Underweight,Conservative Allocation,"WATCHLIST: Reference return 0.0%, Safety 57.3/100, Risk: Low Risk","Risk Reference Prices (Current: 0.04) | Lower Warning: 0.03, Lower Danger: 0.03, Upper Warning: 0.04, Upper Danger: 0.04",WATCHLIST
LTC/USDC,MATURE,68.26,Downward,-1,-2.61,30,48.75,Neutral,-1.7,Low Risk,Caution,25.4,1.1,D,Underweight,Conservative Allocation,"WATCHLIST: Reference return -1.7%, Safety 25.4/100, Risk: Low Risk","Risk Reference Prices (Current: 68.26) | Lower Warning: 64.85, Lower Danger: 61.43, Upper Warning: 71.67, Upper Danger: 75.09",WATCHLIST
ENA/USDC,MATURE,0.17,Downward,-1,-2.63,30,44.3,Neutral,-1.4,High Risk,Caution,0.0,-4.7,D,Underweight,Conservative Allocation,"WATCHLIST: Reference return -1.4%, Safety 0.0/100, Risk: High Risk","Risk Reference Prices (Current: 0.17) | Lower Warning: 0.17, Lower Danger: 0.16, Upper Warning: 0.18, Upper Danger: 0.19",WATCHLIST
SYRUP/USDC,MATURE,0.34,Upward,1,-1.06,45,55.92,Neutral,0.93,High Risk,Caution,11.9,11.6,D,Underweight,Conservative Allocation,"WATCHLIST: Reference return 0.9%, Safety 11.9/100, Risk: High Risk","Risk Reference Prices (Current: 0.34) | Lower Warning: 0.32, Lower Danger: 0.31, Upper Warning: 0.36, Upper Danger: 0.37",WATCHLIST
ROSE/USDC,MATURE,0.02,Downward,-1,2.58,60,46.09,Neutral,-3.94,High Risk,Caution,0.0,36.1,C,Caution,Risk Mitigation,"WATCHLIST: Reference return -3.9%, Safety 0.0/100, Risk: High Risk","Risk Reference Prices (Current: 0.02) | Lower Warning: 0.02, Lower Danger: 0.02, Upper Warning: 0.02, Upper Danger: 0.02",WATCHLIST
NEAR/USDC,MATURE,1.52,Downward,-1,-2.23,20,45.82,Neutral,-1.85,High Risk,Caution,6.4,-4.0,D,Underweight,Conservative Allocation,"WATCHLIST: Reference return -1.8%, Safety 6.4/100, Risk: High Risk","Risk Reference Prices (Current: 1.52) | Lower Warning: 1.45, Lower Danger: 1.37, Upper Warning: 1.6, Upper Danger: 1.67",WATCHLIST
DASH/USDC,MATURE,63.47,Unknown,0,3.95,60,57.89,Neutral,-2.51,High Risk,Caution,0.0,39.9,C,Caution,Risk Mitigation,"WATCHLIST: Reference return -2.5%, Safety 0.0/100, Risk: High Risk","Risk Reference Prices (Current: 63.47) | Lower Warning: 60.3, Lower Danger: 57.12, Upper Warning: 66.64, Upper Danger: 69.82",WATCHLIST
SAND/USDC,MATURE,0.16,Downward,-1,2.56,60,43.61,Neutral,-0.97,High Risk,Caution,0.0,35.7,C,Caution,Risk Mitigation,"WATCHLIST: Reference return -1.0%, Safety 0.0/100, Risk: High Risk","Risk Reference Prices (Current: 0.16) | Lower Warning: 0.15, Lower Danger: 0.14, Upper Warning: 0.17, Upper Danger: 0.17",WATCHLIST
ICP/USDC,MATURE,3.61,Downward,-1,1.08,60,46.14,Neutral,-3.18,High Risk,Caution,0.0,28.8,D,Underweight,Conservative Allocation,"WATCHLIST: Reference return -3.2%, Safety 0.0/100, Risk: High Risk","Risk Reference Prices (Current: 3.61) | Lower Warning: 3.43, Lower Danger: 3.25, Upper Warning: 3.79, Upper Danger: 3.97",WATCHLIST
BCH/USDC,MATURE,602.7,Upward,1,-0.76,35,56.88,Neutral,0.67,Low Risk,Mediate,50.0,19.4,D,Underweight,Conservative Allocation,"WATCHLIST: Reference return 0.7%, Safety 50.0/100, Risk: Low Risk","Risk Reference Prices (Current: 602.70) | Lower Warning: 572.57, Lower Danger: 542.43, Upper Warning: 632.84, Upper Danger: 662.97",WATCHLIST
PAXG/USDC,MATURE,4921.54,Upward,1,1.36,85,60.66,Neutral,1.66,Low Risk,Safe,79.1,56.5,B,Attention,Opportunity Confirmation,"WATCHLIST: Reference return 1.7%, Safety 79.1/100, Risk: Low Risk","Risk Reference Prices (Current: 4921.54) | Lower Warning: 4675.46, Lower Danger: 4429.39, Upper Warning: 5167.62, Upper Danger: 5413.69",WATCHLIST
AAVE/USDC,MATURE,157.85,Downward,-1,0.82,50,52.54,Neutral,0.73,High Risk,Caution,6.8,28.2,D,Underweight,Conservative Allocation,"WATCHLIST: Reference return 0.7%, Safety 6.8/100, Risk: High Risk","Risk Reference Prices (Current: 157.85) | Lower Warning: 149.96, Lower Danger: 142.06, Upper Warning: 165.74, Upper Danger: 173.64",WATCHLIST
TRX/USDC,MATURE,0.3,Upward,1,1.12,75,52.72,Neutral,1.46,Low Risk,Mediate,55.4,46.6,C+,Watchlist,Double Check,"WATCHLIST: Reference return 1.5%, Safety 55.4/100, Risk: Low Risk","Risk Reference Prices (Current: 0.30) | Lower Warning: 0.29, Lower Danger: 0.27, Upper Warning: 0.32, Upper Danger: 0.33",WATCHLIST
EURI/USDC,MATURE,1.17,Upward,1,1.1,60,50.24,Neutral,0.06,Low Risk,Safe,93.4,48.3,C+,Watchlist,Double Check,"WATCHLIST: Reference return 0.1%, Safety 93.4/100, Risk: Low Risk","Risk Reference Prices (Current: 1.17) | Lower Warning: 1.12, Lower Danger: 1.06, Upper Warning: 1.23, Upper Danger: 1.29",WATCHLIST
WLFI/USDC,MATURE,0.17,Upward,1,1.32,85,52.87,Neutral,0.02,High Risk,Caution,9.0,38.3,C,Caution,Risk Mitigation,"WATCHLIST: Reference return 0.0%, Safety 9.0/100, Risk: High Risk","Risk Reference Prices (Current: 0.17) | Lower Warning: 0.17, Lower Danger: 0.16, Upper Warning: 0.18, Upper Danger: 0.19",WATCHLIST
PENDLE/USDC,MATURE,2.12,Downward,-1,-0.82,35,46.14,Neutral,-3.01,High Risk,Caution,0.0,6.2,D,Underweight,Conservative Allocation,"WATCHLIST: Reference return -3.0%, Safety 0.0/100, Risk: High Risk","Risk Reference Prices (Current: 2.12) | Lower Warning: 2.02, Lower Danger: 1.91, Upper Warning: 2.23, Upper Danger: 2.34",WATCHLIST
APT/USDC,MATURE,1.56,Downward,-1,-1.64,10,44.14,Neutral,-4.44,High Risk,Caution,0.0,-4.9,D,Underweight,Conservative Allocation,"WATCHLIST: Reference return -4.4%, Safety 0.0/100, Risk: High Risk","Risk Reference Prices (Current: 1.56) | Lower Warning: 1.48, Lower Danger: 1.4, Upper Warning: 1.63, Upper Danger: 1.71",WATCHLIST
ZRO/USDC,MATURE,2.0,Upward,1,1.33,85,55.52,Neutral,3.33,Low Risk,Caution,18.3,46.1,C+,Watchlist,Double Check,"WATCHLIST: Reference return 3.3%, Safety 18.3/100, Risk: Low Risk","Risk Reference Prices (Current: 2.00) | Lower Warning: 1.9, Lower Danger: 1.8, Upper Warning: 2.1, Upper Danger: 2.2",WATCHLIST
0G/USDC,MATURE,0.81,Downward,-1,-1.15,45,41.52,Neutral,-4.43,High Risk,Caution,0.0,4.8,D,Underweight,Conservative Allocation,"WATCHLIST: Reference return -4.4%, Safety 0.0/100, Risk: High Risk","Risk Reference Prices (Current: 0.81) | Lower Warning: 0.77, Lower Danger: 0.73, Upper Warning: 0.85, Upper Danger: 0.89",WATCHLIST
ASTER/USDC,MATURE,0.61,Downward,-1,-2.28,20,36.85,Bearish,-3.77,High Risk,Caution,0.0,-6.8,D,Underweight,Conservative Allocation,"WATCHLIST: Reference return -3.8%, Safety 0.0/100, Risk: High Risk","Risk Reference Prices (Current: 0.61) | Lower Warning: 0.58, Lower Danger: 0.55, Upper Warning: 0.64, Upper Danger: 0.67",WATCHLIST
ALGO/USDC,MATURE,0.12,Downward,-1,-1.12,45,46.38,Neutral,-1.46,High Risk,Caution,0.0,5.8,D,Underweight,Conservative Allocation,"WATCHLIST: Reference return -1.5%, Safety 0.0/100, Risk: High Risk","Risk Reference Prices (Current: 0.12) | Lower Warning: 0.11, Lower Danger: 0.11, Upper Warning: 0.12, Upper Danger: 0.13",WATCHLIST
ZEN/USDC,MATURE,9.89,Downward,-1,1.1,60,49.87,Neutral,-1.15,High Risk,Caution,0.0,29.5,D,Underweight,Conservative Allocation,"WATCHLIST: Reference return -1.1%, Safety 0.0/100, Risk: High Risk","Risk Reference Prices (Current: 9.89) | Lower Warning: 9.4, Lower Danger: 8.9, Upper Warning: 10.39, Upper Danger: 10.88",WATCHLIST
AUD/USDC,MATURE,0.65,Downward,-1,-2.21,20,48.32,Neutral,-0.7,Low Risk,Safe,75.9,10.4,D,Underweight,Conservative Allocation,"WATCHLIST: Reference return -0.7%, Safety 75.9/100, Risk: Low Risk","Risk Reference Prices (Current: 0.65) | Lower Warning: 0.62, Lower Danger: 0.58, Upper Warning: 0.68, Upper Danger: 0.71",WATCHLIST
BONK/USDC,MATURE,0.0,Downward,-1,-1.3,55,49.99,Neutral,-0.49,High Risk,Caution,0.0,7.1,D,Underweight,Conservative Allocation,"WATCHLIST: Reference return -0.5%, Safety 0.0/100, Risk: High Risk","Risk Reference Prices (Current: 0.00) | Lower Warning: 0.0, Lower Danger: 0.0, Upper Warning: 0.0, Upper Danger: 0.0",WATCHLIST
FET/USDC,MATURE,0.24,Upward,1,-1.11,45,48.41,Neutral,-2.51,High Risk,Caution,0.0,6.2,D,Underweight,Conservative Allocation,"WATCHLIST: Reference return -2.5%, Safety 0.0/100, Risk: High Risk","Risk Reference Prices (Current: 0.24) | Lower Warning: 0.22, Lower Danger: 0.21, Upper Warning: 0.25, Upper Danger: 0.26",WATCHLIST
XLM/USDC,MATURE,0.21,Downward,-1,-0.82,35,46.56,Neutral,-0.43,High Risk,Caution,1.5,6.5,D,Underweight,Conservative Allocation,"WATCHLIST: Reference return -0.4%, Safety 1.5/100, Risk: High Risk","Risk Reference Prices (Current: 0.21) | Lower Warning: 0.2, Lower Danger: 0.19, Upper Warning: 0.22, Upper Danger: 0.23",WATCHLIST
FTM/USDC,MATURE,0.7,Downward,-1,0.0,35,50.09,Neutral,-1.46,High Risk,Caution,0.0,14.5,D,Underweight,Conservative Allocation,"WATCHLIST: Reference return -1.5%, Safety 0.0/100, Risk: High Risk","Risk Reference Prices (Current: 0.70) | Lower Warning: 0.66, Lower Danger: 0.63, Upper Warning: 0.73, Upper Danger: 0.77",WATCHLIST
WIF/USDC,MATURE,0.34,Downward,-1,-1.1,45,49.66,Neutral,-2.86,High Risk,Caution,0.0,6.4,D,Underweight,Conservative Allocation,"WATCHLIST: Reference return -2.9%, Safety 0.0/100, Risk: High Risk","Risk Reference Prices (Current: 0.34) | Lower Warning: 0.32, Lower Danger: 0.3, Upper Warning: 0.35, Upper Danger: 0.37",WATCHLIST
SEI/USDC,MATURE,0.11,Downward,-1,-2.23,20,44.81,Neutral,-0.55,High Risk,Caution,0.0,-5.4,D,Underweight,Conservative Allocation,"WATCHLIST: Reference return -0.5%, Safety 0.0/100, Risk: High Risk","Risk Reference Prices (Current: 0.11) | Lower Warning: 0.1, Lower Danger: 0.1, Upper Warning: 0.11, Upper Danger: 0.12",WATCHLIST
FIL/USDC,MATURE,1.32,Downward,-1,-2.22,20,46.2,Neutral,-1.25,High Risk,Caution,0.0,-5.2,D,Underweight,Conservative Allocation,"WATCHLIST: Reference return -1.2%, Safety 0.0/100, Risk: High Risk","Risk Reference Prices (Current: 1.32) | Lower Warning: 1.25, Lower Danger: 1.19, Upper Warning: 1.38, Upper Danger: 1.45",WATCHLIST
ARB/USDC,MATURE,0.18,Downward,-1,-1.61,10,48.17,Neutral,0.62,High Risk,Caution,0.0,-3.1,D,Underweight,Conservative Allocation,"WATCHLIST: Reference return 0.6%, Safety 0.0/100, Risk: High Risk","Risk Reference Prices (Current: 0.18) | Lower Warning: 0.17, Lower Danger: 0.16, Upper Warning: 0.19, Upper Danger: 0.2",WATCHLIST
DOT/USDC,MATURE,1.94,Downward,-1,-1.12,45,46.6,Neutral,-3.23,High Risk,Caution,0.0,5.8,D,Underweight,Conservative Allocation,"WATCHLIST: Reference return -3.2%, Safety 0.0/100, Risk: High Risk","Risk Reference Prices (Current: 1.94) | Lower Warning: 1.84, Lower Danger: 1.74, Upper Warning: 2.03, Upper Danger: 2.13",WATCHLIST
CHZ/USDC,MATURE,0.05,Upward,1,1.4,85,65.96,Bullish,5.43,Mediate Risk,Caution,8.9,49.4,C+,Watchlist,Double Check,"WATCHLIST: Reference return 5.4%, Safety 8.9/100, Risk: Mediate Risk","Risk Reference Prices (Current: 0.05) | Lower Warning: 0.05, Lower Danger: 0.05, Upper Warning: 0.05, Upper Danger: 0.06",WATCHLIST
POL/USDC,MATURE,0.13,Downward,-1,1.3,70,49.36,Neutral,-2.32,High Risk,Caution,0.0,32.8,D,Underweight,Conservative Allocation,"WATCHLIST: Reference return -2.3%, Safety 0.0/100, Risk: High Risk","Risk Reference Prices (Current: 0.13) | Lower Warning: 0.13, Lower Danger: 0.12, Upper Warning: 0.14, Upper Danger: 0.15",WATCHLIST
MATIC/USDC,MATURE,0.38,Downward,-1,-2.64,30,42.91,Neutral,-2.73,High Risk,Caution,0.0,-4.9,D,Underweight,Conservative Allocation,"WATCHLIST: Reference return -2.7%, Safety 0.0/100, Risk: High Risk","Risk Reference Prices (Current: 0.38) | Lower Warning: 0.36, Lower Danger: 0.34, Upper Warning: 0.4, Upper Danger: 0.42",WATCHLIST
BIO/USDC,MATURE,0.05,Downward,-1,3.25,75,42.27,Neutral,-1.8,High Risk,Caution,0.0,39.8,C,Caution,Risk Mitigation,"WATCHLIST: Reference return -1.8%, Safety 0.0/100, Risk: High Risk","Risk Reference Prices (Current: 0.05) | Lower Warning: 0.05, Lower Danger: 0.05, Upper Warning: 0.05, Upper Danger: 0.06",WATCHLIST
TRUMP/USDC,MATURE,4.88,Downward,-1,-2.23,20,44.76,Neutral,-2.18,High Risk,Caution,14.5,-2.5,D,Underweight,Conservative Allocation,"WATCHLIST: Reference return -2.2%, Safety 14.5/100, Risk: High Risk","Risk Reference Prices (Current: 4.88) | Lower Warning: 4.64, Lower Danger: 4.39, Upper Warning: 5.12, Upper Danger: 5.37",WATCHLIST
BERA/USDC,MATURE,0.8,Downward,-1,3.84,85,40.78,Neutral,-3.17,High Risk,Caution,0.0,42.3,C,Caution,Risk Mitigation,"WATCHLIST: Reference return -3.2%, Safety 0.0/100, Risk: High Risk","Risk Reference Prices (Current: 0.80) | Lower Warning: 0.76, Lower Danger: 0.72, Upper Warning: 0.84, Upper Danger: 0.88",WATCHLIST
UNI/USDC,MATURE,4.86,Downward,-1,-1.63,10,44.74,Neutral,-2.88,High Risk,Caution,6.7,-3.4,D,Underweight,Conservative Allocation,"WATCHLIST: Reference return -2.9%, Safety 6.7/100, Risk: High Risk","Risk Reference Prices (Current: 4.86) | Lower Warning: 4.62, Lower Danger: 4.37, Upper Warning: 5.1, Upper Danger: 5.35",WATCHLIST
SHIB/USDC,MATURE,0.0,Downward,-1,-1.1,45,49.56,Neutral,-1.07,High Risk,Caution,4.0,7.2,D,Underweight,Conservative Allocation,"WATCHLIST: Reference return -1.1%, Safety 4.0/100, Risk: High Risk","Risk Reference Prices (Current: 0.00) | Lower Warning: 0.0, Lower Danger: 0.0, Upper Warning: 0.0, Upper Danger: 0.0",WATCHLIST
BNB/USDP,MATURE,282.09,Upward,1,1.25,70,41.23,Neutral,-0.34,High Risk,Caution,20.3,35.3,C,Caution,Risk Mitigation,"WATCHLIST: Reference return -0.3%, Safety 20.3/100, Risk: High Risk","Risk Reference Prices (Current: 282.09) | Lower Warning: 267.99, Lower Danger: 253.88, Upper Warning: 296.19, Upper Danger: 310.3",WATCHLIST
ETH/USDP,MATURE,1344.37,Downward,-1,-1.37,55,37.75,Bearish,-0.48,High Risk,Caution,0.0,4.8,D,Underweight,Conservative Allocation,"WATCHLIST: Reference return -0.5%, Safety 0.0/100, Risk: High Risk","Risk Reference Prices (Current: 1344.37) | Lower Warning: 1277.15, Lower Danger: 1209.93, Upper Warning: 1411.59, Upper Danger: 1478.81",WATCHLIST
BTC/USDP,MATURE,19435.03,Downward,-1,0.74,50,39.2,Bearish,-1.49,High Risk,Caution,8.3,24.6,D,Underweight,Conservative Allocation,"WATCHLIST: Reference return -1.5%, Safety 8.3/100, Risk: High Risk","Risk Reference Prices (Current: 19435.03) | Lower Warning: 18463.28, Lower Danger: 17491.53, Upper Warning: 20406.78, Upper Danger: 21378.53",WATCHLIST
USDC/BUSD,MATURE,1.0,Downward,-1,-1.3,55,50.0,Neutral,0.0,Low Risk,Safe,99.9,27.0,D,Underweight,Conservative Allocation,"WATCHLIST: Reference return 0.0%, Safety 99.9/100, Risk: Low Risk","Risk Reference Prices (Current: 1.00) | Lower Warning: 0.95, Lower Danger: 0.9, Upper Warning: 1.05, Upper Danger: 1.1",WATCHLIST
USDP/BUSD,MATURE,1.0,Downward,-1,3.9,85,50.0,Neutral,0.0,Low Risk,Safe,99.8,63.7,B,Attention,Opportunity Confirmation,"WATCHLIST: Reference return 0.0%, Safety 99.8/100, Risk: Low Risk","Risk Reference Prices (Current: 1.00) | Lower Warning: 0.95, Lower Danger: 0.9, Upper Warning: 1.05, Upper Danger: 1.1",WATCHLIST
USTC/BUSD,MATURE,0.01,Upward,1,1.31,85,51.34,Neutral,-0.65,Mediate Risk,Caution,0.0,36.2,C,Caution,Risk Mitigation,"WATCHLIST: Reference return -0.7%, Safety 0.0/100, Risk: Mediate Risk","Risk Reference Prices (Current: 0.01) | Lower Warning: 0.01, Lower Danger: 0.01, Upper Warning: 0.01, Upper Danger: 0.01",WATCHLIST
TUSD/BUSD,MATURE,1.0,Downward,-1,-2.6,30,49.97,Neutral,-0.01,Low Risk,Safe,98.5,16.0,D,Underweight,Conservative Allocation,"WATCHLIST: Reference return -0.0%, Safety 98.5/100, Risk: Low Risk","Risk Reference Prices (Current: 1.00) | Lower Warning: 0.95, Lower Danger: 0.9, Upper Warning: 1.05, Upper Danger: 1.1",WATCHLIST
GBP/BUSD,MATURE,1.24,Upward,1,1.11,75,51.23,Neutral,0.25,Low Risk,Safe,76.8,48.5,C+,Watchlist,Double Check,"WATCHLIST: Reference return 0.2%, Safety 76.8/100, Risk: Low Risk","Risk Reference Prices (Current: 1.24) | Lower Warning: 1.18, Lower Danger: 1.12, Upper Warning: 1.3, Upper Danger: 1.36",WATCHLIST
LTC/BUSD,MATURE,72.37,Upward,1,0.84,65,56.46,Neutral,1.42,Low Risk,Caution,27.0,37.2,C,Caution,Risk Mitigation,"WATCHLIST: Reference return 1.4%, Safety 27.0/100, Risk: Low Risk","Risk Reference Prices (Current: 72.37) | Lower Warning: 68.75, Lower Danger: 65.13, Upper Warning: 75.99, Upper Danger: 79.61",WATCHLIST
RUNE/BUSD,MATURE,5.46,Upward,1,1.46,85,76.28,Bullish,13.94,Mediate Risk,Caution,14.8,62.1,B,Attention,Opportunity Confirmation,"WATCHLIST: Reference return 13.9%, Safety 14.8/100, Risk: Mediate Risk","Risk Reference Prices (Current: 5.46) | Lower Warning: 5.19, Lower Danger: 4.92, Upper Warning: 5.74, Upper Danger: 6.01",WATCHLIST
FDUSD/BUSD,MATURE,1.0,Downward,-1,3.9,85,50.0,Neutral,0.0,Low Risk,Safe,99.2,63.5,B,Attention,Opportunity Confirmation,"WATCHLIST: Reference return 0.0%, Safety 99.2/100, Risk: Low Risk","Risk Reference Prices (Current: 1.00) | Lower Warning: 0.95, Lower Danger: 0.9, Upper Warning: 1.05, Upper Danger: 1.1",WATCHLIST
BTC/BUSD,MATURE,42769.4,Upward,1,1.36,85,60.0,Neutral,2.47,Low Risk,Mediate,55.6,53.0,C+,Watchlist,Double Check,"WATCHLIST: Reference return 2.5%, Safety 55.6/100, Risk: Low Risk","Risk Reference Prices (Current: 42769.40) | Lower Warning: 40630.93, Lower Danger: 38492.46, Upper Warning: 44907.87, Upper Danger: 47046.34",WATCHLIST
BCH/BUSD,MATURE,236.0,Upward,1,1.07,75,44.43,Neutral,-0.86,Low Risk,Caution,28.6,37.2,C,Caution,Risk Mitigation,"WATCHLIST: Reference return -0.9%, Safety 28.6/100, Risk: Low Risk","Risk Reference Prices (Current: 236.00) | Lower Warning: 224.2, Lower Danger: 212.4, Upper Warning: 247.8, Upper Danger: 259.6",WATCHLIST
GTO/BUSD,MATURE,0.03,Upward,1,2.7,75,65.91,Bullish,5.7,High Risk,Caution,0.0,51.4,C+,Watchlist,Double Check,"ATTENTION: Reference return 5.7%, Safety 0.0/100, Risk: High Risk","Risk Reference Prices (Current: 0.03) | Lower Warning: 0.03, Lower Danger: 0.03, Upper Warning: 0.03, Upper Danger: 0.03",ATTENTION
EUR/BUSD,MATURE,1.08,Upward,1,-1.29,55,51.0,Neutral,0.17,Low Risk,Safe,90.4,25.7,D,Underweight,Conservative Allocation,"WATCHLIST: Reference return 0.2%, Safety 90.4/100, Risk: Low Risk","Risk Reference Prices (Current: 1.08) | Lower Warning: 1.02, Lower Danger: 0.97, Upper Warning: 1.13, Upper Danger: 1.18",WATCHLIST
SHIB/BUSD,MATURE,0.0,Upward,1,3.95,100,58.83,Neutral,3.31,Low Risk,Caution,33.7,60.2,B,Attention,Opportunity Confirmation,"ATTENTION: Reference return 3.3%, Safety 33.7/100, Risk: Low Risk","Risk Reference Prices (Current: 0.00) | Lower Warning: 0.0, Lower Danger: 0.0, Upper Warning: 0.0, Upper Danger: 0.0",ATTENTION
AVAX/BUSD,MATURE,38.99,Upward,1,1.48,85,80.78,Bullish,9.01,Mediate Risk,Caution,7.0,56.5,B,Attention,Opportunity Confirmation,"WATCHLIST: Reference return 9.0%, Safety 7.0/100, Risk: Mediate Risk","Risk Reference Prices (Current: 38.99) | Lower Warning: 37.04, Lower Danger: 35.09, Upper Warning: 40.94, Upper Danger: 42.89",WATCHLIST
XRP/BUSD,MATURE,0.63,Upward,1,0.84,65,56.29,Neutral,1.89,Low Risk,Caution,35.5,39.6,C,Caution,Risk Mitigation,"WATCHLIST: Reference return 1.9%, Safety 35.5/100, Risk: Low Risk","Risk Reference Prices (Current: 0.63) | Lower Warning: 0.6, Lower Danger: 0.57, Upper Warning: 0.67, Upper Danger: 0.7",WATCHLIST
ELF/BUSD,MATURE,0.34,Upward,1,-1.27,55,54.65,Neutral,0.86,Low Risk,Mediate,58.3,21.1,D,Underweight,Conservative Allocation,"WATCHLIST: Reference return 0.9%, Safety 58.3/100, Risk: Low Risk","Risk Reference Prices (Current: 0.34) | Lower Warning: 0.32, Lower Danger: 0.31, Upper Warning: 0.36, Upper Danger: 0.37",WATCHLIST
FET/BUSD,MATURE,0.49,Upward,1,1.44,85,72.5,Bullish,3.83,Low Risk,Caution,17.6,50.0,C+,Watchlist,Double Check,"WATCHLIST: Reference return 3.8%, Safety 17.6/100, Risk: Low Risk","Risk Reference Prices (Current: 0.49) | Lower Warning: 0.47, Lower Danger: 0.44, Upper Warning: 0.52, Upper Danger: 0.54",WATCHLIST
LINK/BUSD,MATURE,14.07,Upward,1,1.2,75,67.37,Bullish,2.83,Low Risk,Caution,30.2,46.5,C+,Watchlist,Double Check,"WATCHLIST: Reference return 2.8%, Safety 30.2/100, Risk: Low Risk","Risk Reference Prices (Current: 14.07) | Lower Warning: 13.37, Lower Danger: 12.66, Upper Warning: 14.77, Upper Danger: 15.48",WATCHLIST
INJ/BUSD,MATURE,25.46,Upward,1,1.42,85,69.49,Bullish,7.75,Mediate Risk,Caution,15.0,54.5,C+,Watchlist,Double Check,"WATCHLIST: Reference return 7.8%, Safety 15.0/100, Risk: Mediate Risk","Risk Reference Prices (Current: 25.46) | Lower Warning: 24.19, Lower Danger: 22.92, Upper Warning: 26.74, Upper Danger: 28.01",WATCHLIST
